3StepsCCP,arn:aws:sns:us-west-2:180477243137:3StepsCCP
500-IFELambda,arn:aws:sns:us-west-2:180477243137:500-IFELambda
500-STP,arn:aws:sns:us-west-2:180477243137:500-STP
502-Events,arn:aws:sns:us-west-2:180477243137:502-Events
Alarms-Testing,arn:aws:sns:us-west-2:180477243137:Alarms-Testing
AlianzasSOC,arn:aws:sns:us-west-2:180477243137:AlianzasSOC
BOPS,arn:aws:sns:us-west-2:180477243137:BOPS
Backoffice,arn:aws:sns:us-west-2:180477243137:Backoffice
CSF_PARSER_ALARM,arn:aws:sns:us-west-2:180477243137:CSF_PARSER_ALARM
Clientapp,arn:aws:sns:us-west-2:180477243137:Clientapp
Comms,arn:aws:sns:us-west-2:180477243137:Comms
CreditBureau,arn:aws:sns:us-west-2:180477243137:CreditBureau
DBAs,arn:aws:sns:us-west-2:180477243137:DBAs
DB_Monitoring,arn:aws:sns:us-west-2:180477243137:DB_Monitoring
DM_SAT_API_Alerts,arn:aws:sns:us-west-2:180477243137:DM_SAT_API_Alerts
DataMining,arn:aws:sns:us-west-2:180477243137:DataMining
DevOps,arn:aws:sns:us-west-2:180477243137:DevOps
ELBStatusPage,arn:aws:sns:us-west-2:180477243137:ELBStatusPage
ETLService,arn:aws:sns:us-west-2:180477243137:ETLService
ETLService_DataTeam,arn:aws:sns:us-west-2:180477243137:ETLService_DataTeam
ETLcollections,arn:aws:sns:us-west-2:180477243137:ETLcollections
Facturama,arn:aws:sns:us-west-2:180477243137:Facturama
Inspector-Dev,arn:aws:sns:us-west-2:180477243137:Inspector-Dev
KONFIO_DATA_MINING,arn:aws:sns:us-west-2:180477243137:KONFIO_DATA_MINING
Kompas,arn:aws:sns:us-west-2:180477243137:Kompas
Lambda_Notifier,arn:aws:sns:us-west-2:180477243137:Lambda_Notifier
MDS,arn:aws:sns:us-west-2:180477243137:MDS
Mapper_Test,arn:aws:sns:us-west-2:180477243137:Mapper_Test
NewFunnel,arn:aws:sns:us-west-2:180477243137:NewFunnel
Producto,arn:aws:sns:us-west-2:180477243137:Producto
Recurrentes,arn:aws:sns:us-west-2:180477243137:Recurrentes
Repeat-Validation,arn:aws:sns:us-west-2:180477243137:Repeat-Validation
STP,arn:aws:sns:us-west-2:180477243137:STP
STP_PROD,arn:aws:sns:us-west-2:180477243137:STP_PROD
Salesforce-Alarms,arn:aws:sns:us-west-2:180477243137:Salesforce-Alarms
SatMapper,arn:aws:sns:us-west-2:180477243137:SatMapper
SatMapper_DEV,arn:aws:sns:us-west-2:180477243137:SatMapper_DEV
SatMapper_PROD,arn:aws:sns:us-west-2:180477243137:SatMapper_PROD
SecAlerts,arn:aws:sns:us-west-2:180477243137:SecAlerts
SphinxBO,arn:aws:sns:us-west-2:180477243137:SphinxBO
StatusPageTopic,arn:aws:sns:us-west-2:180477243137:StatusPageTopic
SysAdmin,arn:aws:sns:us-west-2:180477243137:SysAdmin
SystemAlertError,arn:aws:sns:us-west-2:180477243137:SystemAlertError
SystemAlertLog,arn:aws:sns:us-west-2:180477243137:SystemAlertLog
SystemAlertWarning,arn:aws:sns:us-west-2:180477243137:SystemAlertWarning
Tech_Konfio,arn:aws:sns:us-west-2:180477243137:Tech_Konfio
TopUps,arn:aws:sns:us-west-2:180477243137:TopUps
Undeliverable_Email,arn:aws:sns:us-west-2:180477243137:Undeliverable_Email
Unhealthy_Host,arn:aws:sns:us-west-2:180477243137:Unhealthy_Host
Verificacion,arn:aws:sns:us-west-2:180477243137:Verificacion
VerificationDocs,arn:aws:sns:us-west-2:180477243137:VerificationDocs
account-creation,arn:aws:sns:us-west-2:180477243137:account-creation
application,arn:aws:sns:us-west-2:180477243137:application
application-approved-dev,arn:aws:sns:us-west-2:180477243137:application-approved-dev
application-approved-prod,arn:aws:sns:us-west-2:180477243137:application-approved-prod
application-completed-dev,arn:aws:sns:us-west-2:180477243137:application-completed-dev
application-completed-prod,arn:aws:sns:us-west-2:180477243137:application-completed-prod
automatic-population-attribution-dev,arn:aws:sns:us-west-2:180477243137:automatic-population-attribution-dev
automatic-population-attribution-prod,arn:aws:sns:us-west-2:180477243137:automatic-population-attribution-prod
banxico-api-consumer-topic-dev,arn:aws:sns:us-west-2:180477243137:banxico-api-consumer-topic-dev
banxico-api-consumer-topic-prod,arn:aws:sns:us-west-2:180477243137:banxico-api-consumer-topic-prod
best-time-to-call-v2-topic-dev,arn:aws:sns:us-west-2:180477243137:best-time-to-call-v2-topic-dev
best-time-to-call-v2-topic-prod,arn:aws:sns:us-west-2:180477243137:best-time-to-call-v2-topic-prod
blacklist_search_dev,arn:aws:sns:us-west-2:180477243137:blacklist_search_dev
blacklist_search_prod,arn:aws:sns:us-west-2:180477243137:blacklist_search_prod
bnc-monitor-update-topic-dev,arn:aws:sns:us-west-2:180477243137:bnc-monitor-update-topic-dev
bnc-monitor-update-topic-prod,arn:aws:sns:us-west-2:180477243137:bnc-monitor-update-topic-prod
bucket-event-manager-topic-dev,arn:aws:sns:us-west-2:180477243137:bucket-event-manager-topic-dev
bucket-event-manager-topic-prod,arn:aws:sns:us-west-2:180477243137:bucket-event-manager-topic-prod
cards,arn:aws:sns:us-west-2:180477243137:cards
cards-clients-exportation-topic-dev,arn:aws:sns:us-west-2:180477243137:cards-clients-exportation-topic-dev
cards-clients-exportation-topic-prod,arn:aws:sns:us-west-2:180477243137:cards-clients-exportation-topic-prod
cards-contracts-balance-topic-dev,arn:aws:sns:us-west-2:180477243137:cards-contracts-balance-topic-dev
cards-contracts-balance-topic-prod,arn:aws:sns:us-west-2:180477243137:cards-contracts-balance-topic-prod
cards-payments-importation-topic-dev,arn:aws:sns:us-west-2:180477243137:cards-payments-importation-topic-dev
cards-payments-importation-topic-prod,arn:aws:sns:us-west-2:180477243137:cards-payments-importation-topic-prod
cards.fifo,arn:aws:sns:us-west-2:180477243137:cards.fifo
cards_files_processing_completed,arn:aws:sns:us-west-2:180477243137:cards_files_processing_completed
cashflow_completed_dev,arn:aws:sns:us-west-2:180477243137:cashflow_completed_dev
cashflow_completed_prod,arn:aws:sns:us-west-2:180477243137:cashflow_completed_prod
cdc-active-portfolio-poller-topic-dev,arn:aws:sns:us-west-2:180477243137:cdc-active-portfolio-poller-topic-dev
cdc-active-portfolio-poller-topic-prod,arn:aws:sns:us-west-2:180477243137:cdc-active-portfolio-poller-topic-prod
cdc-monitor-update-topic-dev,arn:aws:sns:us-west-2:180477243137:cdc-monitor-update-topic-dev
cdc-monitor-update-topic-prod,arn:aws:sns:us-west-2:180477243137:cdc-monitor-update-topic-prod
cdc-renueva-update-topic-dev,arn:aws:sns:us-west-2:180477243137:cdc-renueva-update-topic-dev
cdc-renueva-update-topic-prod,arn:aws:sns:us-west-2:180477243137:cdc-renueva-update-topic-prod
cdp-compute-topic-dev,arn:aws:sns:us-west-2:180477243137:cdp-compute-topic-dev
cdp-compute-topic-prod,arn:aws:sns:us-west-2:180477243137:cdp-compute-topic-prod
chargify-notifier-dev,arn:aws:sns:us-west-2:180477243137:chargify-notifier-dev
chargify-notifier-prod,arn:aws:sns:us-west-2:180477243137:chargify-notifier-prod
check-files-dev,arn:aws:sns:us-west-2:180477243137:check-files-dev
cld-job-topic-dev,arn:aws:sns:us-west-2:180477243137:cld-job-topic-dev
cld-job-topic-prod,arn:aws:sns:us-west-2:180477243137:cld-job-topic-prod
cli-scheduler-topic-dev,arn:aws:sns:us-west-2:180477243137:cli-scheduler-topic-dev
cli-scheduler-topic-prod,arn:aws:sns:us-west-2:180477243137:cli-scheduler-topic-prod
collections-buckets-prod-lambda-topic-dev,arn:aws:sns:us-west-2:180477243137:collections-buckets-prod-lambda-topic-dev
collections-buckets-prod-lambda-topic-prod,arn:aws:sns:us-west-2:180477243137:collections-buckets-prod-lambda-topic-prod
collections-model-comms-topic-dev,arn:aws:sns:us-west-2:180477243137:collections-model-comms-topic-dev
collections-model-comms-topic-prod,arn:aws:sns:us-west-2:180477243137:collections-model-comms-topic-prod
comms-lifecycle-process-review-topic-dev,arn:aws:sns:us-west-2:180477243137:comms-lifecycle-process-review-topic-dev
communications-topic-prod,arn:aws:sns:us-west-2:180477243137:communications-topic-prod
company-model-pm-kbase-topic-dev,arn:aws:sns:us-west-2:180477243137:company-model-pm-kbase-topic-dev
company-model-pm-kbase-topic-prod,arn:aws:sns:us-west-2:180477243137:company-model-pm-kbase-topic-prod
company_model_redis_pm-topic-dev,arn:aws:sns:us-west-2:180477243137:company_model_redis_pm-topic-dev
company_model_redis_pm-topic-prod,arn:aws:sns:us-west-2:180477243137:company_model_redis_pm-topic-prod
config-audit,arn:aws:sns:us-west-2:180477243137:config-audit
credit-bundle-process-topic-dev,arn:aws:sns:us-west-2:180477243137:credit-bundle-process-topic-dev
credit-bundle-process-topic-prod,arn:aws:sns:us-west-2:180477243137:credit-bundle-process-topic-prod
credit-bundle-requests-dev,arn:aws:sns:us-west-2:180477243137:credit-bundle-requests-dev
credit-bundle-requests-prod,arn:aws:sns:us-west-2:180477243137:credit-bundle-requests-prod
credit-mgm-referee-topic-dev,arn:aws:sns:us-west-2:180477243137:credit-mgm-referee-topic-dev
credit-mgm-referee-topic-prod,arn:aws:sns:us-west-2:180477243137:credit-mgm-referee-topic-prod
csfParser-DEV,arn:aws:sns:us-west-2:180477243137:csfParser-DEV
csfParser-PROD,arn:aws:sns:us-west-2:180477243137:csfParser-PROD
data-mining-payroll,arn:aws:sns:us-west-2:180477243137:data-mining-payroll
data-mining-payroll-prod,arn:aws:sns:us-west-2:180477243137:data-mining-payroll-prod
data_mining_alerts,arn:aws:sns:us-west-2:180477243137:data_mining_alerts
data_mining_cfdi_DEV,arn:aws:sns:us-west-2:180477243137:data_mining_cfdi_DEV
data_mining_dev,arn:aws:sns:us-west-2:180477243137:data_mining_dev
data_mininig_cfdi,arn:aws:sns:us-west-2:180477243137:data_mininig_cfdi
dlq-topic,arn:aws:sns:us-west-2:180477243137:dlq-topic
dm-gr-cfe-topic-dev,arn:aws:sns:us-west-2:180477243137:dm-gr-cfe-topic-dev
dm-gr-cfe-topic-prod,arn:aws:sns:us-west-2:180477243137:dm-gr-cfe-topic-prod
dm-recurrents-sns-topic-dev,arn:aws:sns:us-west-2:180477243137:dm-recurrents-sns-topic-dev
dm-recurrents-sns-topic-prod,arn:aws:sns:us-west-2:180477243137:dm-recurrents-sns-topic-prod
dm-resume-rem-cards-topic-dev,arn:aws:sns:us-west-2:180477243137:dm-resume-rem-cards-topic-dev
dm-resume-rem-cards-topic-prod,arn:aws:sns:us-west-2:180477243137:dm-resume-rem-cards-topic-prod
dm-sat-cfdi-checksum-alarm-sns-topic,arn:aws:sns:us-west-2:180477243137:dm-sat-cfdi-checksum-alarm-sns-topic
dm-sat-cfdi-checksum-notifier-sns-topic,arn:aws:sns:us-west-2:180477243137:dm-sat-cfdi-checksum-notifier-sns-topic
dm-sat-cfdi-customer-notification-topic-dev,arn:aws:sns:us-west-2:180477243137:dm-sat-cfdi-customer-notification-topic-dev
dm-sat-cfdi-customer-notification-topic-prod,arn:aws:sns:us-west-2:180477243137:dm-sat-cfdi-customer-notification-topic-prod
dm-sat-compliance-opinion-completed-dev,arn:aws:sns:us-west-2:180477243137:dm-sat-compliance-opinion-completed-dev
dm-sat-compliance-opinion-completed-prod,arn:aws:sns:us-west-2:180477243137:dm-sat-compliance-opinion-completed-prod
dm-sat-monitoring,arn:aws:sns:us-west-2:180477243137:dm-sat-monitoring
dm_dev_cfdi_checker,arn:aws:sns:us-west-2:180477243137:dm_dev_cfdi_checker
dm_dev_elastic_search,arn:aws:sns:us-west-2:180477243137:dm_dev_elastic_search
dm_dev_mappers,arn:aws:sns:us-west-2:180477243137:dm_dev_mappers
dm_dev_sat_csf_completed,arn:aws:sns:us-west-2:180477243137:dm_dev_sat_csf_completed
dm_dev_sat_idc_completed,arn:aws:sns:us-west-2:180477243137:dm_dev_sat_idc_completed
dm_dev_sat_launcher_sink_out,arn:aws:sns:us-west-2:180477243137:dm_dev_sat_launcher_sink_out
dm_dev_scrapers,arn:aws:sns:us-west-2:180477243137:dm_dev_scrapers
dm_dev_scrapers_dlq,arn:aws:sns:us-west-2:180477243137:dm_dev_scrapers_dlq
dm_dev_sink,arn:aws:sns:us-west-2:180477243137:dm_dev_sink
dm_dev_sink_out,arn:aws:sns:us-west-2:180477243137:dm_dev_sink_out
dm_prod_cfdi_checker,arn:aws:sns:us-west-2:180477243137:dm_prod_cfdi_checker
dm_prod_mappers,arn:aws:sns:us-west-2:180477243137:dm_prod_mappers
dm_prod_mappers_dlq,arn:aws:sns:us-west-2:180477243137:dm_prod_mappers_dlq
dm_prod_sat_csf_completed,arn:aws:sns:us-west-2:180477243137:dm_prod_sat_csf_completed
dm_prod_sat_idc_completed,arn:aws:sns:us-west-2:180477243137:dm_prod_sat_idc_completed
dm_prod_sat_launcher_sink_out,arn:aws:sns:us-west-2:180477243137:dm_prod_sat_launcher_sink_out
dm_prod_scrapers,arn:aws:sns:us-west-2:180477243137:dm_prod_scrapers
dm_prod_scrapers_dlq,arn:aws:sns:us-west-2:180477243137:dm_prod_scrapers_dlq
dm_prod_sink,arn:aws:sns:us-west-2:180477243137:dm_prod_sink
dm_prod_sink_out,arn:aws:sns:us-west-2:180477243137:dm_prod_sink_out
dm_sat_cfdi_completed_dev,arn:aws:sns:us-west-2:180477243137:dm_sat_cfdi_completed_dev
dm_sat_cfdi_completed_prod,arn:aws:sns:us-west-2:180477243137:dm_sat_cfdi_completed_prod
dm_sat_csf_completed_dev,arn:aws:sns:us-west-2:180477243137:dm_sat_csf_completed_dev
dm_sat_csf_completed_prod,arn:aws:sns:us-west-2:180477243137:dm_sat_csf_completed_prod
dm_sat_da_completed_dev,arn:aws:sns:us-west-2:180477243137:dm_sat_da_completed_dev
dm_sat_da_completed_prod,arn:aws:sns:us-west-2:180477243137:dm_sat_da_completed_prod
dm_sat_launcher_sink,arn:aws:sns:us-west-2:180477243137:dm_sat_launcher_sink
ds-topup-model-pfae-topic-dev,arn:aws:sns:us-west-2:180477243137:ds-topup-model-pfae-topic-dev
ds-topup-model-pfae-topic-prod,arn:aws:sns:us-west-2:180477243137:ds-topup-model-pfae-topic-prod
ds-topup-model-pm-topic-dev,arn:aws:sns:us-west-2:180477243137:ds-topup-model-pm-topic-dev
ds-topup-model-pm-topic-prod,arn:aws:sns:us-west-2:180477243137:ds-topup-model-pm-topic-prod
dynamic_stages_dev,arn:aws:sns:us-west-2:180477243137:dynamic_stages_dev
dynamic_stages_prod,arn:aws:sns:us-west-2:180477243137:dynamic_stages_prod
dynamodb,arn:aws:sns:us-west-2:180477243137:dynamodb
email-events-topic-dev,arn:aws:sns:us-west-2:180477243137:email-events-topic-dev
email-events-topic-prod,arn:aws:sns:us-west-2:180477243137:email-events-topic-prod
endpointtopic,arn:aws:sns:us-west-2:180477243137:endpointtopic
entity-document-uploaded-dev,arn:aws:sns:us-west-2:180477243137:entity-document-uploaded-dev
entity-document-uploaded-prod,arn:aws:sns:us-west-2:180477243137:entity-document-uploaded-prod
entity-required-documents-completed-dev,arn:aws:sns:us-west-2:180477243137:entity-required-documents-completed-dev
entity-required-documents-completed-prod,arn:aws:sns:us-west-2:180477243137:entity-required-documents-completed-prod
expire-offers-topic-dev,arn:aws:sns:us-west-2:180477243137:expire-offers-topic-dev
expire-offers-topic-prod,arn:aws:sns:us-west-2:180477243137:expire-offers-topic-prod
facebook-web-hook,arn:aws:sns:us-west-2:180477243137:facebook-web-hook
facebook-web-hook-dev,arn:aws:sns:us-west-2:180477243137:facebook-web-hook-dev
funds-out-create-account-clabe-topic-dev,arn:aws:sns:us-west-2:180477243137:funds-out-create-account-clabe-topic-dev
funds-out-create-account-clabe-topic-prod,arn:aws:sns:us-west-2:180477243137:funds-out-create-account-clabe-topic-prod
funnel,arn:aws:sns:us-west-2:180477243137:funnel
getBanortePayments,arn:aws:sns:us-west-2:180477243137:getBanortePayments
growth-invoices-report-lambda-function-topic-dev,arn:aws:sns:us-west-2:180477243137:growth-invoices-report-lambda-function-topic-dev
growth-invoices-report-lambda-function-topic-prod,arn:aws:sns:us-west-2:180477243137:growth-invoices-report-lambda-function-topic-prod
growth_application_funnel,arn:aws:sns:us-west-2:180477243137:growth_application_funnel
growth_forms_notifications_dev,arn:aws:sns:us-west-2:180477243137:growth_forms_notifications_dev
growth_forms_notifications_prod,arn:aws:sns:us-west-2:180477243137:growth_forms_notifications_prod
insurance,arn:aws:sns:us-west-2:180477243137:insurance
invoice-cluster-segmentation-pm-topic-dev,arn:aws:sns:us-west-2:180477243137:invoice-cluster-segmentation-pm-topic-dev
invoice-cluster-segmentation-pm-topic-prod,arn:aws:sns:us-west-2:180477243137:invoice-cluster-segmentation-pm-topic-prod
invoicing-cluster-segmentation-pfae-topic-dev,arn:aws:sns:us-west-2:180477243137:invoicing-cluster-segmentation-pfae-topic-dev
invoicing-cluster-segmentation-pfae-topic-prod,arn:aws:sns:us-west-2:180477243137:invoicing-cluster-segmentation-pfae-topic-prod
kbs-lambda-mvp-topic-dev,arn:aws:sns:us-west-2:180477243137:kbs-lambda-mvp-topic-dev
kbs-lambda-mvp-topic-prod,arn:aws:sns:us-west-2:180477243137:kbs-lambda-mvp-topic-prod
konfio-pay-credit-features-topic-dev,arn:aws:sns:us-west-2:180477243137:konfio-pay-credit-features-topic-dev
konfio-pay-credit-features-topic-prod,arn:aws:sns:us-west-2:180477243137:konfio-pay-credit-features-topic-prod
kp-disbursements-topic-dev,arn:aws:sns:us-west-2:180477243137:kp-disbursements-topic-dev
kp-disbursements-topic-prod,arn:aws:sns:us-west-2:180477243137:kp-disbursements-topic-prod
kpay_communications_dev,arn:aws:sns:us-west-2:180477243137:kpay_communications_dev
kpay_communications_prod,arn:aws:sns:us-west-2:180477243137:kpay_communications_prod
kts-gpo-modelo-sftp-applications-dev,arn:aws:sns:us-west-2:180477243137:kts-gpo-modelo-sftp-applications-dev
kts-gpo-modelo-sftp-applications-prod,arn:aws:sns:us-west-2:180477243137:kts-gpo-modelo-sftp-applications-prod
kts-sivale-sftp-application-detail-dev,arn:aws:sns:us-west-2:180477243137:kts-sivale-sftp-application-detail-dev
kts-sivale-sftp-application-detail-prod,arn:aws:sns:us-west-2:180477243137:kts-sivale-sftp-application-detail-prod
kyc-event-bus-dev,arn:aws:sns:us-west-2:180477243137:kyc-event-bus-dev
kyc-event-bus-prod,arn:aws:sns:us-west-2:180477243137:kyc-event-bus-prod
kyc.fifo,arn:aws:sns:us-west-2:180477243137:kyc.fifo
loan,arn:aws:sns:us-west-2:180477243137:loan
loan-disbursed-dev,arn:aws:sns:us-west-2:180477243137:loan-disbursed-dev
loan-disbursed-prod,arn:aws:sns:us-west-2:180477243137:loan-disbursed-prod
matillion-executor-topic-dev,arn:aws:sns:us-west-2:180477243137:matillion-executor-topic-dev
matillion-executor-topic-prod,arn:aws:sns:us-west-2:180477243137:matillion-executor-topic-prod
matillion-s3-to-gdrive-topic-dev,arn:aws:sns:us-west-2:180477243137:matillion-s3-to-gdrive-topic-dev
matillion-s3-to-gdrive-topic-prod,arn:aws:sns:us-west-2:180477243137:matillion-s3-to-gdrive-topic-prod
matillion_notifications,arn:aws:sns:us-west-2:180477243137:matillion_notifications
mci-job-topic-dev,arn:aws:sns:us-west-2:180477243137:mci-job-topic-dev
mci-program-cron-topic-prod,arn:aws:sns:us-west-2:180477243137:mci-program-cron-topic-prod
mer-clients-score-topic-dev,arn:aws:sns:us-west-2:180477243137:mer-clients-score-topic-dev
mer-clients-score-topic-prod,arn:aws:sns:us-west-2:180477243137:mer-clients-score-topic-prod
mgm-job-topic-dev,arn:aws:sns:us-west-2:180477243137:mgm-job-topic-dev
mgm-job-topic-prod,arn:aws:sns:us-west-2:180477243137:mgm-job-topic-prod
monitorea_sns_dev,arn:aws:sns:us-west-2:180477243137:monitorea_sns_dev
monitorea_sns_production,arn:aws:sns:us-west-2:180477243137:monitorea_sns_production
monopoly-index-topic-dev,arn:aws:sns:us-west-2:180477243137:monopoly-index-topic-dev
monopoly-index-topic-prod,arn:aws:sns:us-west-2:180477243137:monopoly-index-topic-prod
offer-notifications-topic-dev,arn:aws:sns:us-west-2:180477243137:offer-notifications-topic-dev
offer-notifications-topic-prod,arn:aws:sns:us-west-2:180477243137:offer-notifications-topic-prod
orchestrator-process-completed-topic-dev,arn:aws:sns:us-west-2:180477243137:orchestrator-process-completed-topic-dev
orchestrator-process-completed-topic-prod,arn:aws:sns:us-west-2:180477243137:orchestrator-process-completed-topic-prod
payment-record-dev,arn:aws:sns:us-west-2:180477243137:payment-record-dev
payment-record-prod,arn:aws:sns:us-west-2:180477243137:payment-record-prod
payments,arn:aws:sns:us-west-2:180477243137:payments
paypal,arn:aws:sns:us-west-2:180477243137:paypal
platform-config-topic,arn:aws:sns:us-west-2:180477243137:platform-config-topic
platform_auth,arn:aws:sns:us-west-2:180477243137:platform_auth
policy_engine_response,arn:aws:sns:us-west-2:180477243137:policy_engine_response
product-offering-pfae-productless-topic-prod,arn:aws:sns:us-west-2:180477243137:product-offering-pfae-productless-topic-prod
product-offering-pm-productless-topic-dev,arn:aws:sns:us-west-2:180477243137:product-offering-pm-productless-topic-dev
product-offering-pm-productless-topic-prod,arn:aws:sns:us-west-2:180477243137:product-offering-pm-productless-topic-prod
product-offering-pm-v2-topic-dev,arn:aws:sns:us-west-2:180477243137:product-offering-pm-v2-topic-dev
product-offering-pm-v2-topic-prod,arn:aws:sns:us-west-2:180477243137:product-offering-pm-v2-topic-prod
product-payments.fifo,arn:aws:sns:us-west-2:180477243137:product-payments.fifo
recurrent_validation_DEV,arn:aws:sns:us-west-2:180477243137:recurrent_validation_DEV
remarketing-executor-dev,arn:aws:sns:us-west-2:180477243137:remarketing-executor-dev
remarketing-executor-prod,arn:aws:sns:us-west-2:180477243137:remarketing-executor-prod
remarketing-matillion-trigger,arn:aws:sns:us-west-2:180477243137:remarketing-matillion-trigger
remarketing-matillion-trigger-dev,arn:aws:sns:us-west-2:180477243137:remarketing-matillion-trigger-dev
remarketing-matillion-trigger-prod,arn:aws:sns:us-west-2:180477243137:remarketing-matillion-trigger-prod
roles-permissions-updater-dev,arn:aws:sns:us-west-2:180477243137:roles-permissions-updater-dev
rppc-updater-topic-dev,arn:aws:sns:us-west-2:180477243137:rppc-updater-topic-dev
rppc-updater-topic-prod,arn:aws:sns:us-west-2:180477243137:rppc-updater-topic-prod
sat-credentials-validated-dev,arn:aws:sns:us-west-2:180477243137:sat-credentials-validated-dev
send-invoices-report-topic-dev,arn:aws:sns:us-west-2:180477243137:send-invoices-report-topic-dev
send-invoices-report-topic-prod,arn:aws:sns:us-west-2:180477243137:send-invoices-report-topic-prod
ses-delivery-status,arn:aws:sns:us-west-2:180477243137:ses-delivery-status
slack-message-topic-,arn:aws:sns:us-west-2:180477243137:slack-message-topic-
slack-message-topic-ENVIRONMENT,arn:aws:sns:us-west-2:180477243137:slack-message-topic-ENVIRONMENT
slack-message-topic-dev,arn:aws:sns:us-west-2:180477243137:slack-message-topic-dev
slack-message-topic-prod,arn:aws:sns:us-west-2:180477243137:slack-message-topic-prod
slack-notifications-channel-webhook-topic-dev,arn:aws:sns:us-west-2:180477243137:slack-notifications-channel-webhook-topic-dev
slack-notifications-channel-webhook-topic-prod,arn:aws:sns:us-west-2:180477243137:slack-notifications-channel-webhook-topic-prod
spei-job-topic-dev,arn:aws:sns:us-west-2:180477243137:spei-job-topic-dev
spei-job-topic-prod,arn:aws:sns:us-west-2:180477243137:spei-job-topic-prod
srpago-topic-dev,arn:aws:sns:us-west-2:180477243137:srpago-topic-dev
srpago-topic-prod,arn:aws:sns:us-west-2:180477243137:srpago-topic-prod
status-page-topic-dev,arn:aws:sns:us-west-2:180477243137:status-page-topic-dev
status-page-topic-prod,arn:aws:sns:us-west-2:180477243137:status-page-topic-prod
tableu_notifications,arn:aws:sns:us-west-2:180477243137:tableu_notifications
tasks-manager-topic-dev,arn:aws:sns:us-west-2:180477243137:tasks-manager-topic-dev
tasks-manager-topic-prod,arn:aws:sns:us-west-2:180477243137:tasks-manager-topic-prod
testTopic,arn:aws:sns:us-west-2:180477243137:testTopic
topups_completed_sns_dev,arn:aws:sns:us-west-2:180477243137:topups_completed_sns_dev
topups_completed_sns_prod,arn:aws:sns:us-west-2:180477243137:topups_completed_sns_prod
topupsv2-batch-creator-topic-dev,arn:aws:sns:us-west-2:180477243137:topupsv2-batch-creator-topic-dev
topupsv2-batch-creator-topic-prod,arn:aws:sns:us-west-2:180477243137:topupsv2-batch-creator-topic-prod
transactions-dev,arn:aws:sns:us-west-2:180477243137:transactions-dev
transactions-dev.fifo,arn:aws:sns:us-west-2:180477243137:transactions-dev.fifo
transactions-prod,arn:aws:sns:us-west-2:180477243137:transactions-prod
transactions-prod.fifo,arn:aws:sns:us-west-2:180477243137:transactions-prod.fifo
transport-files--dev,arn:aws:sns:us-west-2:180477243137:transport-files--dev
transport-files-dev,arn:aws:sns:us-west-2:180477243137:transport-files-dev
transport-files-prod,arn:aws:sns:us-west-2:180477243137:transport-files-prod
update-transactional-limit-topic-dev,arn:aws:sns:us-west-2:180477243137:update-transactional-limit-topic-dev
update-transactional-limit-topic-prod,arn:aws:sns:us-west-2:180477243137:update-transactional-limit-topic-prod
wait-list-topic-prod,arn:aws:sns:us-west-2:180477243137:wait-list-topic-prod
working-capital.fifo,arn:aws:sns:us-west-2:180477243137:working-capital.fifo
wr_cards_pfae_simp_v2_scrape_finished_dev,arn:aws:sns:us-west-2:180477243137:wr_cards_pfae_simp_v2_scrape_finished_dev
wr_cards_pfae_simp_v2_scrape_finished_prod,arn:aws:sns:us-west-2:180477243137:wr_cards_pfae_simp_v2_scrape_finished_prod
wr_cards_pm_simp_v2_commercial_segments_finished_dev,arn:aws:sns:us-west-2:180477243137:wr_cards_pm_simp_v2_commercial_segments_finished_dev
wr_cards_pm_simp_v2_commercial_segments_finished_prod,arn:aws:sns:us-west-2:180477243137:wr_cards_pm_simp_v2_commercial_segments_finished_prod
wr_konfio_pay_pfae_v2_commercial_segments_finished_dev,arn:aws:sns:us-west-2:180477243137:wr_konfio_pay_pfae_v2_commercial_segments_finished_dev
wr_konfio_pay_pfae_v2_commercial_segments_finished_prod,arn:aws:sns:us-west-2:180477243137:wr_konfio_pay_pfae_v2_commercial_segments_finished_prod
wr_konfio_pay_pm_v2_commercial_segments_finished_dev,arn:aws:sns:us-west-2:180477243137:wr_konfio_pay_pm_v2_commercial_segments_finished_dev
wr_konfio_pay_pm_v2_commercial_segments_finished_prod,arn:aws:sns:us-west-2:180477243137:wr_konfio_pay_pm_v2_commercial_segments_finished_prod
wr_kts_pfae_scrape_finished_dev,arn:aws:sns:us-west-2:180477243137:wr_kts_pfae_scrape_finished_dev
wr_kts_pfae_scrape_finished_prod,arn:aws:sns:us-west-2:180477243137:wr_kts_pfae_scrape_finished_prod
wr_kts_pm_scrape_finished_dev,arn:aws:sns:us-west-2:180477243137:wr_kts_pm_scrape_finished_dev
wr_kts_pm_scrape_finished_prod,arn:aws:sns:us-west-2:180477243137:wr_kts_pm_scrape_finished_prod
wr_pfae_evaluation_models_finished_dev,arn:aws:sns:us-west-2:180477243137:wr_pfae_evaluation_models_finished_dev
wr_pfae_evaluation_models_finished_prod,arn:aws:sns:us-west-2:180477243137:wr_pfae_evaluation_models_finished_prod
wr_pfae_simplification_v2_notifications_dev,arn:aws:sns:us-west-2:180477243137:wr_pfae_simplification_v2_notifications_dev
wr_pfae_simplification_v2_notifications_prod,arn:aws:sns:us-west-2:180477243137:wr_pfae_simplification_v2_notifications_prod
wr_pfae_simplification_v2_scrape_finished_dev,arn:aws:sns:us-west-2:180477243137:wr_pfae_simplification_v2_scrape_finished_dev
wr_pfae_simplification_v2_scrape_finished_prod,arn:aws:sns:us-west-2:180477243137:wr_pfae_simplification_v2_scrape_finished_prod
wr_pm_evaluation_models_finished_dev,arn:aws:sns:us-west-2:180477243137:wr_pm_evaluation_models_finished_dev
wr_pm_evaluation_models_finished_prod,arn:aws:sns:us-west-2:180477243137:wr_pm_evaluation_models_finished_prod
wr_pm_simplification_v2_comercial_segments_finished_dev,arn:aws:sns:us-west-2:180477243137:wr_pm_simplification_v2_comercial_segments_finished_dev
wr_pm_simplification_v2_comercial_segments_finished_prod,arn:aws:sns:us-west-2:180477243137:wr_pm_simplification_v2_comercial_segments_finished_prod
wr_pm_simplification_v2_notifications_dev,arn:aws:sns:us-west-2:180477243137:wr_pm_simplification_v2_notifications_dev
wr_pm_simplification_v2_notifications_prod,arn:aws:sns:us-west-2:180477243137:wr_pm_simplification_v2_notifications_prod
wr_rem_cards_pfae_v1_ks_sns_messenger_dev,arn:aws:sns:us-west-2:180477243137:wr_rem_cards_pfae_v1_ks_sns_messenger_dev
wr_rem_cards_pfae_v1_ks_sns_messenger_prod,arn:aws:sns:us-west-2:180477243137:wr_rem_cards_pfae_v1_ks_sns_messenger_prod
wr_rescoring_evaluation_models_finished_dev,arn:aws:sns:us-west-2:180477243137:wr_rescoring_evaluation_models_finished_dev
wr_rescoring_evaluation_models_finished_prod,arn:aws:sns:us-west-2:180477243137:wr_rescoring_evaluation_models_finished_prod
wr_rescoring_scrape_finished_dev,arn:aws:sns:us-west-2:180477243137:wr_rescoring_scrape_finished_dev
wr_rescoring_scrape_finished_prod,arn:aws:sns:us-west-2:180477243137:wr_rescoring_scrape_finished_prod
