account-creation-queue-dev,https://us-west-2.queue.amazonaws.com/180477243137/account-creation-queue-dev
account-creation-queue-dlq-dev,https://us-west-2.queue.amazonaws.com/180477243137/account-creation-queue-dlq-dev
account-process-transfers-dev,https://us-west-2.queue.amazonaws.com/180477243137/account-process-transfers-dev
account-process-transfers-dlq-dev,https://us-west-2.queue.amazonaws.com/180477243137/account-process-transfers-dlq-dev
account-process-transfers-dlq-prod,https://us-west-2.queue.amazonaws.com/180477243137/account-process-transfers-dlq-prod
account-process-transfers-prod,https://us-west-2.queue.amazonaws.com/180477243137/account-process-transfers-prod
accounting-policies-generator-queue-dev,https://us-west-2.queue.amazonaws.com/180477243137/accounting-policies-generator-queue-dev
accounting-policies-generator-queue-dlq-dev,https://us-west-2.queue.amazonaws.com/180477243137/accounting-policies-generator-queue-dlq-dev
accounting-policies-generator-queue-dlq-prod,https://us-west-2.queue.amazonaws.com/180477243137/accounting-policies-generator-queue-dlq-prod
accounting-policies-generator-queue-prod,https://us-west-2.queue.amazonaws.com/180477243137/accounting-policies-generator-queue-prod
accounts-queue-dev,https://us-west-2.queue.amazonaws.com/180477243137/accounts-queue-dev
accounts-queue-dlq-dev,https://us-west-2.queue.amazonaws.com/180477243137/accounts-queue-dlq-dev
accounts-queue-dlq-prod,https://us-west-2.queue.amazonaws.com/180477243137/accounts-queue-dlq-prod
accounts-queue-prod,https://us-west-2.queue.amazonaws.com/180477243137/accounts-queue-prod
analytics_queue,https://us-west-2.queue.amazonaws.com/180477243137/analytics_queue
applications-expiration-queue-dev,https://us-west-2.queue.amazonaws.com/180477243137/applications-expiration-queue-dev
applications-expiration-queue-prod,https://us-west-2.queue.amazonaws.com/180477243137/applications-expiration-queue-prod
aware_card_mci_send_notification_dev,https://us-west-2.queue.amazonaws.com/180477243137/aware_card_mci_send_notification_dev
aware_card_mci_send_notification_prod,https://us-west-2.queue.amazonaws.com/180477243137/aware_card_mci_send_notification_prod
banxico-api-consumer-queue-dev,https://us-west-2.queue.amazonaws.com/180477243137/banxico-api-consumer-queue-dev
banxico-api-consumer-queue-prod,https://us-west-2.queue.amazonaws.com/180477243137/banxico-api-consumer-queue-prod
best-time-to-call-v2-queue-dev,https://us-west-2.queue.amazonaws.com/180477243137/best-time-to-call-v2-queue-dev
best-time-to-call-v2-queue-prod,https://us-west-2.queue.amazonaws.com/180477243137/best-time-to-call-v2-queue-prod
blacklist-integration-queue-dev,https://us-west-2.queue.amazonaws.com/180477243137/blacklist-integration-queue-dev
blacklist-integration-queue-dlq-dev,https://us-west-2.queue.amazonaws.com/180477243137/blacklist-integration-queue-dlq-dev
blacklist-integration-queue-dlq-prod,https://us-west-2.queue.amazonaws.com/180477243137/blacklist-integration-queue-dlq-prod
blacklist-integration-queue-prod,https://us-west-2.queue.amazonaws.com/180477243137/blacklist-integration-queue-prod
bnc-active-portfolio-poller-queue-cards-dev,https://us-west-2.queue.amazonaws.com/180477243137/bnc-active-portfolio-poller-queue-cards-dev
bnc-active-portfolio-poller-queue-cards-prod,https://us-west-2.queue.amazonaws.com/180477243137/bnc-active-portfolio-poller-queue-cards-prod
bnc-active-portfolio-poller-queue-monitor-dev,https://us-west-2.queue.amazonaws.com/180477243137/bnc-active-portfolio-poller-queue-monitor-dev
bnc-active-portfolio-poller-queue-monitor-prod,https://us-west-2.queue.amazonaws.com/180477243137/bnc-active-portfolio-poller-queue-monitor-prod
bnc-monitor-update-queue-dev,https://us-west-2.queue.amazonaws.com/180477243137/bnc-monitor-update-queue-dev
bnc-monitor-update-queue-prod,https://us-west-2.queue.amazonaws.com/180477243137/bnc-monitor-update-queue-prod
bucket-event-manager-queue-dev,https://us-west-2.queue.amazonaws.com/180477243137/bucket-event-manager-queue-dev
bucket-event-manager-queue-prod,https://us-west-2.queue.amazonaws.com/180477243137/bucket-event-manager-queue-prod
card-batch-process-queue-contracts-consumer-dev.fifo,https://us-west-2.queue.amazonaws.com/180477243137/card-batch-process-queue-contracts-consumer-dev.fifo
card-batch-process-queue-contracts-dld-dev.fifo,https://us-west-2.queue.amazonaws.com/180477243137/card-batch-process-queue-contracts-dld-dev.fifo
card_installment_processes_execution_dev,https://us-west-2.queue.amazonaws.com/180477243137/card_installment_processes_execution_dev
card_installment_processes_execution_dlq_dev,https://us-west-2.queue.amazonaws.com/180477243137/card_installment_processes_execution_dlq_dev
card_installment_processes_execution_dlq_prod,https://us-west-2.queue.amazonaws.com/180477243137/card_installment_processes_execution_dlq_prod
card_installment_processes_execution_prod,https://us-west-2.queue.amazonaws.com/180477243137/card_installment_processes_execution_prod
card_installment_purchases_execution_dev.fifo,https://us-west-2.queue.amazonaws.com/180477243137/card_installment_purchases_execution_dev.fifo
card_installment_purchases_execution_dlq_dev.fifo,https://us-west-2.queue.amazonaws.com/180477243137/card_installment_purchases_execution_dlq_dev.fifo
card_installment_purchases_execution_dlq_prod.fifo,https://us-west-2.queue.amazonaws.com/180477243137/card_installment_purchases_execution_dlq_prod.fifo
card_installment_purchases_execution_prod.fifo,https://us-west-2.queue.amazonaws.com/180477243137/card_installment_purchases_execution_prod.fifo
card_interview_document_generator_dev,https://us-west-2.queue.amazonaws.com/180477243137/card_interview_document_generator_dev
card_interview_document_generator_dlq_dev,https://us-west-2.queue.amazonaws.com/180477243137/card_interview_document_generator_dlq_dev
card_interview_document_generator_dlq_prod,https://us-west-2.queue.amazonaws.com/180477243137/card_interview_document_generator_dlq_prod
card_interview_document_generator_prod,https://us-west-2.queue.amazonaws.com/180477243137/card_interview_document_generator_prod
card_request_process_dev,https://us-west-2.queue.amazonaws.com/180477243137/card_request_process_dev
card_request_process_dev.fifo,https://us-west-2.queue.amazonaws.com/180477243137/card_request_process_dev.fifo
card_request_process_dlq_dev,https://us-west-2.queue.amazonaws.com/180477243137/card_request_process_dlq_dev
card_request_process_dlq_dev.fifo,https://us-west-2.queue.amazonaws.com/180477243137/card_request_process_dlq_dev.fifo
card_request_process_dlq_prod,https://us-west-2.queue.amazonaws.com/180477243137/card_request_process_dlq_prod
card_request_process_dlq_prod.fifo,https://us-west-2.queue.amazonaws.com/180477243137/card_request_process_dlq_prod.fifo
card_request_process_prod,https://us-west-2.queue.amazonaws.com/180477243137/card_request_process_prod
card_request_process_prod.fifo,https://us-west-2.queue.amazonaws.com/180477243137/card_request_process_prod.fifo
card_shipment_dev,https://us-west-2.queue.amazonaws.com/180477243137/card_shipment_dev
card_shipment_prod,https://us-west-2.queue.amazonaws.com/180477243137/card_shipment_prod
cards-balance-consumer-queue-dev,https://us-west-2.queue.amazonaws.com/180477243137/cards-balance-consumer-queue-dev
cards-balance-consumer-queue-dlq_dev,https://us-west-2.queue.amazonaws.com/180477243137/cards-balance-consumer-queue-dlq_dev
cards-balance-consumer-queue-dlq_prod,https://us-west-2.queue.amazonaws.com/180477243137/cards-balance-consumer-queue-dlq_prod
cards-balance-consumer-queue-prod,https://us-west-2.queue.amazonaws.com/180477243137/cards-balance-consumer-queue-prod
cards-clients-exportation-queue-prod,https://us-west-2.queue.amazonaws.com/180477243137/cards-clients-exportation-queue-prod
cards-contracts-balance-dev,https://us-west-2.queue.amazonaws.com/180477243137/cards-contracts-balance-dev
cards-contracts-balance-prod,https://us-west-2.queue.amazonaws.com/180477243137/cards-contracts-balance-prod
cards-limits-dev.fifo,https://us-west-2.queue.amazonaws.com/180477243137/cards-limits-dev.fifo
cards-limits-dlq-dev.fifo,https://us-west-2.queue.amazonaws.com/180477243137/cards-limits-dlq-dev.fifo
cards-limits-dlq-prod.fifo,https://us-west-2.queue.amazonaws.com/180477243137/cards-limits-dlq-prod.fifo
cards-limits-prod.fifo,https://us-west-2.queue.amazonaws.com/180477243137/cards-limits-prod.fifo
cards-payments-importation-queue-prod,https://us-west-2.queue.amazonaws.com/180477243137/cards-payments-importation-queue-prod
cards-payments-notifier-queue-dev,https://us-west-2.queue.amazonaws.com/180477243137/cards-payments-notifier-queue-dev
cards-payments-notifier-queue-dlq_dev,https://us-west-2.queue.amazonaws.com/180477243137/cards-payments-notifier-queue-dlq_dev
cards-payments-notifier-queue-dlq_prod,https://us-west-2.queue.amazonaws.com/180477243137/cards-payments-notifier-queue-dlq_prod
cards-payments-notifier-queue-prod,https://us-west-2.queue.amazonaws.com/180477243137/cards-payments-notifier-queue-prod
cards-transfers-dev.fifo,https://us-west-2.queue.amazonaws.com/180477243137/cards-transfers-dev.fifo
cards-transfers-dlq-dev.fifo,https://us-west-2.queue.amazonaws.com/180477243137/cards-transfers-dlq-dev.fifo
cards-transfers-dlq-prod.fifo,https://us-west-2.queue.amazonaws.com/180477243137/cards-transfers-dlq-prod.fifo
cards-transfers-post-process-dev,https://us-west-2.queue.amazonaws.com/180477243137/cards-transfers-post-process-dev
cards-transfers-post-process-dlq-dev,https://us-west-2.queue.amazonaws.com/180477243137/cards-transfers-post-process-dlq-dev
cards-transfers-post-process-dlq-prod,https://us-west-2.queue.amazonaws.com/180477243137/cards-transfers-post-process-dlq-prod
cards-transfers-post-process-prod,https://us-west-2.queue.amazonaws.com/180477243137/cards-transfers-post-process-prod
cards-transfers-prod.fifo,https://us-west-2.queue.amazonaws.com/180477243137/cards-transfers-prod.fifo
cards-user-cancellation-dev,https://us-west-2.queue.amazonaws.com/180477243137/cards-user-cancellation-dev
cards-user-cancellation-dlq-dev,https://us-west-2.queue.amazonaws.com/180477243137/cards-user-cancellation-dlq-dev
cards-user-cancellation-dlq-prod,https://us-west-2.queue.amazonaws.com/180477243137/cards-user-cancellation-dlq-prod
cards-user-cancellation-prod,https://us-west-2.queue.amazonaws.com/180477243137/cards-user-cancellation-prod
cards_clients_exportation_dev,https://us-west-2.queue.amazonaws.com/180477243137/cards_clients_exportation_dev
cards_clients_exportation_dlq_dev,https://us-west-2.queue.amazonaws.com/180477243137/cards_clients_exportation_dlq_dev
cards_export_transactions_dev.fifo,https://us-west-2.queue.amazonaws.com/180477243137/cards_export_transactions_dev.fifo
cards_export_transactions_dlq_dev.fifo,https://us-west-2.queue.amazonaws.com/180477243137/cards_export_transactions_dlq_dev.fifo
cards_export_transactions_dlq_prod.fifo,https://us-west-2.queue.amazonaws.com/180477243137/cards_export_transactions_dlq_prod.fifo
cards_export_transactions_prod.fifo,https://us-west-2.queue.amazonaws.com/180477243137/cards_export_transactions_prod.fifo
cards_shipment_provider_hook_dev,https://us-west-2.queue.amazonaws.com/180477243137/cards_shipment_provider_hook_dev
cards_shipment_provider_hook_dlq_prod,https://us-west-2.queue.amazonaws.com/180477243137/cards_shipment_provider_hook_dlq_prod
cards_shipment_provider_hook_prod,https://us-west-2.queue.amazonaws.com/180477243137/cards_shipment_provider_hook_prod
cashflow_queue_dev,https://us-west-2.queue.amazonaws.com/180477243137/cashflow_queue_dev
cashflow_queue_prod,https://us-west-2.queue.amazonaws.com/180477243137/cashflow_queue_prod
cdc-active-portfolio-poller-queue-cards-dev,https://us-west-2.queue.amazonaws.com/180477243137/cdc-active-portfolio-poller-queue-cards-dev
cdc-active-portfolio-poller-queue-cards-prod,https://us-west-2.queue.amazonaws.com/180477243137/cdc-active-portfolio-poller-queue-cards-prod
cdc-active-portfolio-poller-queue-dev,https://us-west-2.queue.amazonaws.com/180477243137/cdc-active-portfolio-poller-queue-dev
cdc-active-portfolio-poller-queue-prod,https://us-west-2.queue.amazonaws.com/180477243137/cdc-active-portfolio-poller-queue-prod
cdc-active-portfolio-poller-queue-renueva-dev,https://us-west-2.queue.amazonaws.com/180477243137/cdc-active-portfolio-poller-queue-renueva-dev
cdc-active-portfolio-poller-queue-renueva-prod,https://us-west-2.queue.amazonaws.com/180477243137/cdc-active-portfolio-poller-queue-renueva-prod
cdc-monitor-update-queue-dev,https://us-west-2.queue.amazonaws.com/180477243137/cdc-monitor-update-queue-dev
cdc-monitor-update-queue-prod,https://us-west-2.queue.amazonaws.com/180477243137/cdc-monitor-update-queue-prod
cdc-renueva-update-queue-dev,https://us-west-2.queue.amazonaws.com/180477243137/cdc-renueva-update-queue-dev
cdc-renueva-update-queue-prod,https://us-west-2.queue.amazonaws.com/180477243137/cdc-renueva-update-queue-prod
cdp-compute-queue-dev,https://us-west-2.queue.amazonaws.com/180477243137/cdp-compute-queue-dev
cdp-compute-queue-prod,https://us-west-2.queue.amazonaws.com/180477243137/cdp-compute-queue-prod
cep-disbursement-dev,https://us-west-2.queue.amazonaws.com/180477243137/cep-disbursement-dev
cep-mario-test,https://us-west-2.queue.amazonaws.com/180477243137/cep-mario-test
cep-message-validator-dev,https://us-west-2.queue.amazonaws.com/180477243137/cep-message-validator-dev
cep-message-validator-prod,https://us-west-2.queue.amazonaws.com/180477243137/cep-message-validator-prod
cep-message-validator-uat,https://us-west-2.queue.amazonaws.com/180477243137/cep-message-validator-uat
cep-transaction-dev,https://us-west-2.queue.amazonaws.com/180477243137/cep-transaction-dev
cep-transaction-prod,https://us-west-2.queue.amazonaws.com/180477243137/cep-transaction-prod
cep-transaction-uat,https://us-west-2.queue.amazonaws.com/180477243137/cep-transaction-uat
cep_nicole_test_1,https://us-west-2.queue.amazonaws.com/180477243137/cep_nicole_test_1
chargify-charges-queue-dev,https://us-west-2.queue.amazonaws.com/180477243137/chargify-charges-queue-dev
chargify-charges-queue-dlq-dev,https://us-west-2.queue.amazonaws.com/180477243137/chargify-charges-queue-dlq-dev
chargify-charges-queue-dlq-prod,https://us-west-2.queue.amazonaws.com/180477243137/chargify-charges-queue-dlq-prod
chargify-charges-queue-prod,https://us-west-2.queue.amazonaws.com/180477243137/chargify-charges-queue-prod
chargify-events-queue-dev,https://us-west-2.queue.amazonaws.com/180477243137/chargify-events-queue-dev
chargify-events-queue-dlq-dev,https://us-west-2.queue.amazonaws.com/180477243137/chargify-events-queue-dlq-dev
chargify-events-queue-dlq-prod,https://us-west-2.queue.amazonaws.com/180477243137/chargify-events-queue-dlq-prod
chargify-events-queue-prod,https://us-west-2.queue.amazonaws.com/180477243137/chargify-events-queue-prod
check-payment-register-docs-queue-dev.fifo,https://us-west-2.queue.amazonaws.com/180477243137/check-payment-register-docs-queue-dev.fifo
check-payment-register-docs-queue-prod.fifo,https://us-west-2.queue.amazonaws.com/180477243137/check-payment-register-docs-queue-prod.fifo
cld-sqs-dev.fifo,https://us-west-2.queue.amazonaws.com/180477243137/cld-sqs-dev.fifo
cld-sqs-dlq-dev.fifo,https://us-west-2.queue.amazonaws.com/180477243137/cld-sqs-dlq-dev.fifo
cld-sqs-dlq-prod.fifo,https://us-west-2.queue.amazonaws.com/180477243137/cld-sqs-dlq-prod.fifo
cld-sqs-prod.fifo,https://us-west-2.queue.amazonaws.com/180477243137/cld-sqs-prod.fifo
cli-sqs-dev.fifo,https://us-west-2.queue.amazonaws.com/180477243137/cli-sqs-dev.fifo
cli-sqs-dlq-dev.fifo,https://us-west-2.queue.amazonaws.com/180477243137/cli-sqs-dlq-dev.fifo
cli-sqs-dlq-prod.fifo,https://us-west-2.queue.amazonaws.com/180477243137/cli-sqs-dlq-prod.fifo
cli-sqs-prod.fifo,https://us-west-2.queue.amazonaws.com/180477243137/cli-sqs-prod.fifo
collection-payment-applied-queue-dev.fifo,https://us-west-2.queue.amazonaws.com/180477243137/collection-payment-applied-queue-dev.fifo
collection-payment-applied-queue-dlq-dev.fifo,https://us-west-2.queue.amazonaws.com/180477243137/collection-payment-applied-queue-dlq-dev.fifo
collection-payment-applied-queue-dlq-prod.fifo,https://us-west-2.queue.amazonaws.com/180477243137/collection-payment-applied-queue-dlq-prod.fifo
collection-payment-applied-queue-prod.fifo,https://us-west-2.queue.amazonaws.com/180477243137/collection-payment-applied-queue-prod.fifo
collection-payment-applier-queue-dev,https://us-west-2.queue.amazonaws.com/180477243137/collection-payment-applier-queue-dev
collection-payment-applier-queue-dlq-dev,https://us-west-2.queue.amazonaws.com/180477243137/collection-payment-applier-queue-dlq-dev
collection-payment-applier-queue-dlq-prod,https://us-west-2.queue.amazonaws.com/180477243137/collection-payment-applier-queue-dlq-prod
collection-payment-applier-queue-prod,https://us-west-2.queue.amazonaws.com/180477243137/collection-payment-applier-queue-prod
collection-payment-dispatcher-queue-dev,https://us-west-2.queue.amazonaws.com/180477243137/collection-payment-dispatcher-queue-dev
collection-payment-dispatcher-queue-dlq-dev,https://us-west-2.queue.amazonaws.com/180477243137/collection-payment-dispatcher-queue-dlq-dev
collection-payment-dispatcher-queue-dlq-prod,https://us-west-2.queue.amazonaws.com/180477243137/collection-payment-dispatcher-queue-dlq-prod
collection-payment-dispatcher-queue-prod,https://us-west-2.queue.amazonaws.com/180477243137/collection-payment-dispatcher-queue-prod
collections-buckets-prod-lambda-queue-dev,https://us-west-2.queue.amazonaws.com/180477243137/collections-buckets-prod-lambda-queue-dev
collections-buckets-prod-lambda-queue-prod,https://us-west-2.queue.amazonaws.com/180477243137/collections-buckets-prod-lambda-queue-prod
collections-cards-processor-queue-dev,https://us-west-2.queue.amazonaws.com/180477243137/collections-cards-processor-queue-dev
collections-cards-processor-queue-prod,https://us-west-2.queue.amazonaws.com/180477243137/collections-cards-processor-queue-prod
collections-cards-processor-report-queue-dev,https://us-west-2.queue.amazonaws.com/180477243137/collections-cards-processor-report-queue-dev
collections-cards-processor-report-queue-prod,https://us-west-2.queue.amazonaws.com/180477243137/collections-cards-processor-report-queue-prod
collections-cards-processor-retry-queue-dev,https://us-west-2.queue.amazonaws.com/180477243137/collections-cards-processor-retry-queue-dev
collections-cards-processor-retry-queue-prod,https://us-west-2.queue.amazonaws.com/180477243137/collections-cards-processor-retry-queue-prod
collections-closing-cross-offers-strategy-queue-dev,https://us-west-2.queue.amazonaws.com/180477243137/collections-closing-cross-offers-strategy-queue-dev
collections-closing-cross-offers-strategy-queue-prod,https://us-west-2.queue.amazonaws.com/180477243137/collections-closing-cross-offers-strategy-queue-prod
collections-comms-cards-dev-queue.fifo,https://us-west-2.queue.amazonaws.com/180477243137/collections-comms-cards-dev-queue.fifo
collections-comms-cards-prod-queue.fifo,https://us-west-2.queue.amazonaws.com/180477243137/collections-comms-cards-prod-queue.fifo
collections-cross-offers-report-queue-dev,https://us-west-2.queue.amazonaws.com/180477243137/collections-cross-offers-report-queue-dev
collections-cross-offers-report-queue-prod,https://us-west-2.queue.amazonaws.com/180477243137/collections-cross-offers-report-queue-prod
collections-genesys-interaction-queue-dev,https://us-west-2.queue.amazonaws.com/180477243137/collections-genesys-interaction-queue-dev
collections-genesys-interaction-queue-prod,https://us-west-2.queue.amazonaws.com/180477243137/collections-genesys-interaction-queue-prod
collections-model-comms-dev-queue.fifo,https://us-west-2.queue.amazonaws.com/180477243137/collections-model-comms-dev-queue.fifo
collections-model-comms-prod-queue.fifo,https://us-west-2.queue.amazonaws.com/180477243137/collections-model-comms-prod-queue.fifo
collections-model-dev-queue.fifo,https://us-west-2.queue.amazonaws.com/180477243137/collections-model-dev-queue.fifo
collections-model-prod-queue.fifo,https://us-west-2.queue.amazonaws.com/180477243137/collections-model-prod-queue.fifo
collections-scrappers-dev,https://us-west-2.queue.amazonaws.com/180477243137/collections-scrappers-dev
collections-scrappers-prod,https://us-west-2.queue.amazonaws.com/180477243137/collections-scrappers-prod
collections-strategy-closing-hxh-queue-dev,https://us-west-2.queue.amazonaws.com/180477243137/collections-strategy-closing-hxh-queue-dev
collections-strategy-closing-hxh-queue-prod,https://us-west-2.queue.amazonaws.com/180477243137/collections-strategy-closing-hxh-queue-prod
collections-strategy-report-queue-dev,https://us-west-2.queue.amazonaws.com/180477243137/collections-strategy-report-queue-dev
collections-strategy-report-queue-prod,https://us-west-2.queue.amazonaws.com/180477243137/collections-strategy-report-queue-prod
collections_scrappers_dlq_dev,https://us-west-2.queue.amazonaws.com/180477243137/collections_scrappers_dlq_dev
collections_scrappers_dlq_prod,https://us-west-2.queue.amazonaws.com/180477243137/collections_scrappers_dlq_prod
comms-hub-bulk-consumer-dev.fifo,https://us-west-2.queue.amazonaws.com/180477243137/comms-hub-bulk-consumer-dev.fifo
comms-hub-bulk-consumer-prod.fifo,https://us-west-2.queue.amazonaws.com/180477243137/comms-hub-bulk-consumer-prod.fifo
comms-hub-bulk-processor-dev.fifo,https://us-west-2.queue.amazonaws.com/180477243137/comms-hub-bulk-processor-dev.fifo
comms-hub-bulk-processor-prod.fifo,https://us-west-2.queue.amazonaws.com/180477243137/comms-hub-bulk-processor-prod.fifo
comms-hub-scheduled-comms-dev.fifo,https://us-west-2.queue.amazonaws.com/180477243137/comms-hub-scheduled-comms-dev.fifo
comms-hub-scheduled-comms-prod.fifo,https://us-west-2.queue.amazonaws.com/180477243137/comms-hub-scheduled-comms-prod.fifo
comms-lifecycle-process-review-queue-dev,https://us-west-2.queue.amazonaws.com/180477243137/comms-lifecycle-process-review-queue-dev
comms-scheduler-queue-dev,https://us-west-2.queue.amazonaws.com/180477243137/comms-scheduler-queue-dev
comms-scheduler-queue-dlq_dev,https://us-west-2.queue.amazonaws.com/180477243137/comms-scheduler-queue-dlq_dev
comms-scheduler-queue-dlq_prod,https://us-west-2.queue.amazonaws.com/180477243137/comms-scheduler-queue-dlq_prod
comms-scheduler-queue-prod,https://us-west-2.queue.amazonaws.com/180477243137/comms-scheduler-queue-prod
communication-center-automatic-sends-queue-dev.fifo,https://us-west-2.queue.amazonaws.com/180477243137/communication-center-automatic-sends-queue-dev.fifo
communication-center-automatic-sends-queue-prod.fifo,https://us-west-2.queue.amazonaws.com/180477243137/communication-center-automatic-sends-queue-prod.fifo
communications-queue-prod,https://us-west-2.queue.amazonaws.com/180477243137/communications-queue-prod
company-model-pm-kbase-queue-dev,https://us-west-2.queue.amazonaws.com/180477243137/company-model-pm-kbase-queue-dev
company-model-pm-kbase-queue-prod,https://us-west-2.queue.amazonaws.com/180477243137/company-model-pm-kbase-queue-prod
company_model_redis_pm-queue-dev,https://us-west-2.queue.amazonaws.com/180477243137/company_model_redis_pm-queue-dev
company_model_redis_pm-queue-prod,https://us-west-2.queue.amazonaws.com/180477243137/company_model_redis_pm-queue-prod
compliance-clients-profile-queue-dlq-dev.fifo,https://us-west-2.queue.amazonaws.com/180477243137/compliance-clients-profile-queue-dlq-dev.fifo
compliance-clients-profile-queue-dlq-prod.fifo,https://us-west-2.queue.amazonaws.com/180477243137/compliance-clients-profile-queue-dlq-prod.fifo
compliance-transactional-profile-queue-dlq-dev.fifo,https://us-west-2.queue.amazonaws.com/180477243137/compliance-transactional-profile-queue-dlq-dev.fifo
compliance-transactional-profile-queue-dlq-prod.fifo,https://us-west-2.queue.amazonaws.com/180477243137/compliance-transactional-profile-queue-dlq-prod.fifo
compliance_clients_profile_queue_dev.fifo,https://us-west-2.queue.amazonaws.com/180477243137/compliance_clients_profile_queue_dev.fifo
compliance_clients_profile_queue_prod.fifo,https://us-west-2.queue.amazonaws.com/180477243137/compliance_clients_profile_queue_prod.fifo
compliance_clients_profile_queue_uat.fifo,https://us-west-2.queue.amazonaws.com/180477243137/compliance_clients_profile_queue_uat.fifo
compliance_pep_register_mirror.fifo,https://us-west-2.queue.amazonaws.com/180477243137/compliance_pep_register_mirror.fifo
compliance_pep_register_prod.fifo,https://us-west-2.queue.amazonaws.com/180477243137/compliance_pep_register_prod.fifo
compliance_pep_search_mirror.fifo,https://us-west-2.queue.amazonaws.com/180477243137/compliance_pep_search_mirror.fifo
compliance_pep_search_prod.fifo,https://us-west-2.queue.amazonaws.com/180477243137/compliance_pep_search_prod.fifo
compliance_transactional_profile_queue_dev.fifo,https://us-west-2.queue.amazonaws.com/180477243137/compliance_transactional_profile_queue_dev.fifo
compliance_transactional_profile_queue_prod.fifo,https://us-west-2.queue.amazonaws.com/180477243137/compliance_transactional_profile_queue_prod.fifo
confluent-cross-sell-cards-lambda-dev,https://us-west-2.queue.amazonaws.com/180477243137/confluent-cross-sell-cards-lambda-dev
confluent-cross-sell-cards-lambda-dlq-dev,https://us-west-2.queue.amazonaws.com/180477243137/confluent-cross-sell-cards-lambda-dlq-dev
confluent-cross-sell-cards-lambda-dlq-prod,https://us-west-2.queue.amazonaws.com/180477243137/confluent-cross-sell-cards-lambda-dlq-prod
confluent-cross-sell-cards-lambda-prod,https://us-west-2.queue.amazonaws.com/180477243137/confluent-cross-sell-cards-lambda-prod
confluent-rem-cards-lambda-dev,https://us-west-2.queue.amazonaws.com/180477243137/confluent-rem-cards-lambda-dev
confluent-rem-cards-lambda-dlq-dev,https://us-west-2.queue.amazonaws.com/180477243137/confluent-rem-cards-lambda-dlq-dev
confluent-rem-cards-lambda-dlq-prod,https://us-west-2.queue.amazonaws.com/180477243137/confluent-rem-cards-lambda-dlq-prod
confluent-rem-cards-lambda-prod,https://us-west-2.queue.amazonaws.com/180477243137/confluent-rem-cards-lambda-prod
contract-cards-consumer-queue-dev,https://us-west-2.queue.amazonaws.com/180477243137/contract-cards-consumer-queue-dev
contract-cards-consumer-queue-dlq-dev.fifo,https://us-west-2.queue.amazonaws.com/180477243137/contract-cards-consumer-queue-dlq-dev.fifo
contract-cards-consumer-queue-dlq-prod.fifo,https://us-west-2.queue.amazonaws.com/180477243137/contract-cards-consumer-queue-dlq-prod.fifo
contract-cards-consumer-queue-dlq_dev,https://us-west-2.queue.amazonaws.com/180477243137/contract-cards-consumer-queue-dlq_dev
contract-cards-consumer-queue-dlq_prod,https://us-west-2.queue.amazonaws.com/180477243137/contract-cards-consumer-queue-dlq_prod
contract-cards-consumer-queue-fifo-dev.fifo,https://us-west-2.queue.amazonaws.com/180477243137/contract-cards-consumer-queue-fifo-dev.fifo
contract-cards-consumer-queue-fifo-prod.fifo,https://us-west-2.queue.amazonaws.com/180477243137/contract-cards-consumer-queue-fifo-prod.fifo
contract-cards-consumer-queue-prod,https://us-west-2.queue.amazonaws.com/180477243137/contract-cards-consumer-queue-prod
core-banks-webhook-dev,https://us-west-2.queue.amazonaws.com/180477243137/core-banks-webhook-dev
core-banks-webhook-prod,https://us-west-2.queue.amazonaws.com/180477243137/core-banks-webhook-prod
credit-line-process-dev.fifo,https://us-west-2.queue.amazonaws.com/180477243137/credit-line-process-dev.fifo
credit-line-process-dlq-dev.fifo,https://us-west-2.queue.amazonaws.com/180477243137/credit-line-process-dlq-dev.fifo
credit-line-process-dlq-prod.fifo,https://us-west-2.queue.amazonaws.com/180477243137/credit-line-process-dlq-prod.fifo
credit-line-process-prod.fifo,https://us-west-2.queue.amazonaws.com/180477243137/credit-line-process-prod.fifo
credit-mgm-referee-queue-dev,https://us-west-2.queue.amazonaws.com/180477243137/credit-mgm-referee-queue-dev
credit-mgm-referee-queue-prod,https://us-west-2.queue.amazonaws.com/180477243137/credit-mgm-referee-queue-prod
cross-sell-offers-lambda-dev,https://us-west-2.queue.amazonaws.com/180477243137/cross-sell-offers-lambda-dev
cross-sell-offers-lambda-dlq-dev,https://us-west-2.queue.amazonaws.com/180477243137/cross-sell-offers-lambda-dlq-dev
cross-sell-offers-lambda-dlq-prod,https://us-west-2.queue.amazonaws.com/180477243137/cross-sell-offers-lambda-dlq-prod
cross-sell-offers-lambda-prod,https://us-west-2.queue.amazonaws.com/180477243137/cross-sell-offers-lambda-prod
data-sqs-dev.fifo,https://us-west-2.queue.amazonaws.com/180477243137/data-sqs-dev.fifo
data_mining_low_priority_invoices_dev,https://us-west-2.queue.amazonaws.com/180477243137/data_mining_low_priority_invoices_dev
data_mining_low_priority_invoices_prod,https://us-west-2.queue.amazonaws.com/180477243137/data_mining_low_priority_invoices_prod
data_test_dev,https://us-west-2.queue.amazonaws.com/180477243137/data_test_dev
dev_kompas_invoice_email,https://us-west-2.queue.amazonaws.com/180477243137/dev_kompas_invoice_email
dm-gob-condusef-collector-queue-dev,https://us-west-2.queue.amazonaws.com/180477243137/dm-gob-condusef-collector-queue-dev
dm-gob-condusef-collector-queue-prod,https://us-west-2.queue.amazonaws.com/180477243137/dm-gob-condusef-collector-queue-prod
dm-gob-condusef-consumer-queue-dev,https://us-west-2.queue.amazonaws.com/180477243137/dm-gob-condusef-consumer-queue-dev
dm-gob-condusef-consumer-queue-prod,https://us-west-2.queue.amazonaws.com/180477243137/dm-gob-condusef-consumer-queue-prod
dm-gob-condusef-sink-queue-dev,https://us-west-2.queue.amazonaws.com/180477243137/dm-gob-condusef-sink-queue-dev
dm-gob-condusef-sink-queue-prod,https://us-west-2.queue.amazonaws.com/180477243137/dm-gob-condusef-sink-queue-prod
dm-gob-condusef-tarjeta-de-credito-collector-queue-dev,https://us-west-2.queue.amazonaws.com/180477243137/dm-gob-condusef-tarjeta-de-credito-collector-queue-dev
dm-gob-condusef-tarjeta-de-credito-consumer-queue-dev,https://us-west-2.queue.amazonaws.com/180477243137/dm-gob-condusef-tarjeta-de-credito-consumer-queue-dev
dm-gob-condusef-tarjeta-de-credito-sink-queue-dev,https://us-west-2.queue.amazonaws.com/180477243137/dm-gob-condusef-tarjeta-de-credito-sink-queue-dev
dm-gob-ine-scraper-queue-dev,https://us-west-2.queue.amazonaws.com/180477243137/dm-gob-ine-scraper-queue-dev
dm-gob-ine-scraper-queue-prod,https://us-west-2.queue.amazonaws.com/180477243137/dm-gob-ine-scraper-queue-prod
dm-gob-reus-scraper-queue-dev,https://us-west-2.queue.amazonaws.com/180477243137/dm-gob-reus-scraper-queue-dev
dm-gob-reus-scraper-queue-prod,https://us-west-2.queue.amazonaws.com/180477243137/dm-gob-reus-scraper-queue-prod
dm-gob-rpc-backpopulate-queue-dev,https://us-west-2.queue.amazonaws.com/180477243137/dm-gob-rpc-backpopulate-queue-dev
dm-gob-rpc-mapper-queue-dev,https://us-west-2.queue.amazonaws.com/180477243137/dm-gob-rpc-mapper-queue-dev
dm-gob-rpc-mapper-queue-prod,https://us-west-2.queue.amazonaws.com/180477243137/dm-gob-rpc-mapper-queue-prod
dm-google-pymes-consumer-queue-dev,https://us-west-2.queue.amazonaws.com/180477243137/dm-google-pymes-consumer-queue-dev
dm-google-pymes-consumer-queue-prod,https://us-west-2.queue.amazonaws.com/180477243137/dm-google-pymes-consumer-queue-prod
dm-gr-cfe-queue-dev.fifo,https://us-west-2.queue.amazonaws.com/180477243137/dm-gr-cfe-queue-dev.fifo
dm-gr-cfe-queue-prod.fifo,https://us-west-2.queue.amazonaws.com/180477243137/dm-gr-cfe-queue-prod.fifo
dm-gr-quimenet-queue-dev,https://us-west-2.queue.amazonaws.com/180477243137/dm-gr-quimenet-queue-dev
dm-gr-quiminet-queue-dev,https://us-west-2.queue.amazonaws.com/180477243137/dm-gr-quiminet-queue-dev
dm-gr-verify-email-queue-dev,https://us-west-2.queue.amazonaws.com/180477243137/dm-gr-verify-email-queue-dev
dm-gr-verify-email-queue-prod,https://us-west-2.queue.amazonaws.com/180477243137/dm-gr-verify-email-queue-prod
dm-sat-cfdi-queue-circuit-breaker-dev.fifo,https://us-west-2.queue.amazonaws.com/180477243137/dm-sat-cfdi-queue-circuit-breaker-dev.fifo
dm-sat-cfdi-queue-circuit-breaker-prod.fifo,https://us-west-2.queue.amazonaws.com/180477243137/dm-sat-cfdi-queue-circuit-breaker-prod.fifo
dm-sat-csf-circuit-breaker-queue-dev,https://us-west-2.queue.amazonaws.com/180477243137/dm-sat-csf-circuit-breaker-queue-dev
dm-sat-csf-circuit-breaker-queue-prod,https://us-west-2.queue.amazonaws.com/180477243137/dm-sat-csf-circuit-breaker-queue-prod
dm-sat-monthly-statements-circuit-breaker-queue-dev,https://us-west-2.queue.amazonaws.com/180477243137/dm-sat-monthly-statements-circuit-breaker-queue-dev
dm-sat-monthly-statements-circuit-breaker-queue-prod,https://us-west-2.queue.amazonaws.com/180477243137/dm-sat-monthly-statements-circuit-breaker-queue-prod
dm-sat-rescoring-poller-dlq-dev,https://us-west-2.queue.amazonaws.com/180477243137/dm-sat-rescoring-poller-dlq-dev
dm-sat-rescoring-poller-dlq-prod,https://us-west-2.queue.amazonaws.com/180477243137/dm-sat-rescoring-poller-dlq-prod
dm-sat-rescoring-poller-queue-dev,https://us-west-2.queue.amazonaws.com/180477243137/dm-sat-rescoring-poller-queue-dev
dm-sat-rescoring-poller-queue-prod,https://us-west-2.queue.amazonaws.com/180477243137/dm-sat-rescoring-poller-queue-prod
dm-sat-yearly-statements-circuit-breaker-queue-dev,https://us-west-2.queue.amazonaws.com/180477243137/dm-sat-yearly-statements-circuit-breaker-queue-dev
dm-sat-yearly-statements-circuit-breaker-queue-prod,https://us-west-2.queue.amazonaws.com/180477243137/dm-sat-yearly-statements-circuit-breaker-queue-prod
dm_ad_scraper_dlq,https://us-west-2.queue.amazonaws.com/180477243137/dm_ad_scraper_dlq
dm_ad_scraper_dlq_failed,https://us-west-2.queue.amazonaws.com/180477243137/dm_ad_scraper_dlq_failed
dm_csf_scraper_dlq,https://us-west-2.queue.amazonaws.com/180477243137/dm_csf_scraper_dlq
dm_csf_scraper_dlq_failed,https://us-west-2.queue.amazonaws.com/180477243137/dm_csf_scraper_dlq_failed
dm_dev_ad_circuit_breaker,https://us-west-2.queue.amazonaws.com/180477243137/dm_dev_ad_circuit_breaker
dm_dev_circuit_breaker.fifo,https://us-west-2.queue.amazonaws.com/180477243137/dm_dev_circuit_breaker.fifo
dm_dev_csf_circuit_breaker,https://us-west-2.queue.amazonaws.com/180477243137/dm_dev_csf_circuit_breaker
dm_dev_notifications,https://us-west-2.queue.amazonaws.com/180477243137/dm_dev_notifications
dm_dev_sat_credentials_migration,https://us-west-2.queue.amazonaws.com/180477243137/dm_dev_sat_credentials_migration
dm_dev_validate_credentials,https://us-west-2.queue.amazonaws.com/180477243137/dm_dev_validate_credentials
dm_prod_ad_circuit_breaker,https://us-west-2.queue.amazonaws.com/180477243137/dm_prod_ad_circuit_breaker
dm_prod_ad_circuit_breaker_dlq,https://us-west-2.queue.amazonaws.com/180477243137/dm_prod_ad_circuit_breaker_dlq
dm_prod_circuit_breaker.fifo,https://us-west-2.queue.amazonaws.com/180477243137/dm_prod_circuit_breaker.fifo
dm_prod_circuit_breaker_dlq.fifo,https://us-west-2.queue.amazonaws.com/180477243137/dm_prod_circuit_breaker_dlq.fifo
dm_prod_csf_circuit_breaker,https://us-west-2.queue.amazonaws.com/180477243137/dm_prod_csf_circuit_breaker
dm_prod_notifications,https://us-west-2.queue.amazonaws.com/180477243137/dm_prod_notifications
dm_prod_sat_credentials_migration,https://us-west-2.queue.amazonaws.com/180477243137/dm_prod_sat_credentials_migration
dm_prod_sat_credentials_migration_dlq,https://us-west-2.queue.amazonaws.com/180477243137/dm_prod_sat_credentials_migration_dlq
dm_prod_sat_ongoing.fifo,https://us-west-2.queue.amazonaws.com/180477243137/dm_prod_sat_ongoing.fifo
dm_prod_sat_ongoing_bkp.fifo,https://us-west-2.queue.amazonaws.com/180477243137/dm_prod_sat_ongoing_bkp.fifo
dm_prod_sat_ongoing_bkp_dlq.fifo,https://us-west-2.queue.amazonaws.com/180477243137/dm_prod_sat_ongoing_bkp_dlq.fifo
dm_prod_sat_ongoing_dlq.fifo,https://us-west-2.queue.amazonaws.com/180477243137/dm_prod_sat_ongoing_dlq.fifo
dm_prod_sat_ongoing_meta_dlq.fifo,https://us-west-2.queue.amazonaws.com/180477243137/dm_prod_sat_ongoing_meta_dlq.fifo
dm_prod_seccion_amarilla_colony_list.fifo,https://us-west-2.queue.amazonaws.com/180477243137/dm_prod_seccion_amarilla_colony_list.fifo
dm_prod_seccion_amarilla_search_list.fifo,https://us-west-2.queue.amazonaws.com/180477243137/dm_prod_seccion_amarilla_search_list.fifo
dm_sat_cfdi_incomplete_requests_dev,https://us-west-2.queue.amazonaws.com/180477243137/dm_sat_cfdi_incomplete_requests_dev
dm_sat_cfdi_incomplete_requests_dlq_dev,https://us-west-2.queue.amazonaws.com/180477243137/dm_sat_cfdi_incomplete_requests_dlq_dev
dm_sat_cfdi_incomplete_requests_dlq_prod,https://us-west-2.queue.amazonaws.com/180477243137/dm_sat_cfdi_incomplete_requests_dlq_prod
dm_sat_cfdi_incomplete_requests_prod,https://us-west-2.queue.amazonaws.com/180477243137/dm_sat_cfdi_incomplete_requests_prod
dm_sat_cfdi_mapper_bkp,https://us-west-2.queue.amazonaws.com/180477243137/dm_sat_cfdi_mapper_bkp
dm_sat_cfdi_ongoing_delta_1.fifo,https://us-west-2.queue.amazonaws.com/180477243137/dm_sat_cfdi_ongoing_delta_1.fifo
dm_sat_cfdi_ongoing_delta_14.fifo,https://us-west-2.queue.amazonaws.com/180477243137/dm_sat_cfdi_ongoing_delta_14.fifo
dm_sat_cfdi_ongoing_delta_3.fifo,https://us-west-2.queue.amazonaws.com/180477243137/dm_sat_cfdi_ongoing_delta_3.fifo
dm_sat_cfdi_ongoing_delta_7.fifo,https://us-west-2.queue.amazonaws.com/180477243137/dm_sat_cfdi_ongoing_delta_7.fifo
dm_sat_cfdi_ongoing_meta_delta_1.fifo,https://us-west-2.queue.amazonaws.com/180477243137/dm_sat_cfdi_ongoing_meta_delta_1.fifo
dm_sat_cfdi_ongoing_meta_delta_14.fifo,https://us-west-2.queue.amazonaws.com/180477243137/dm_sat_cfdi_ongoing_meta_delta_14.fifo
dm_sat_cfdi_ongoing_meta_delta_3.fifo,https://us-west-2.queue.amazonaws.com/180477243137/dm_sat_cfdi_ongoing_meta_delta_3.fifo
dm_sat_cfdi_ongoing_meta_delta_7.fifo,https://us-west-2.queue.amazonaws.com/180477243137/dm_sat_cfdi_ongoing_meta_delta_7.fifo
dm_sat_cfdi_ongoing_priority_1.fifo,https://us-west-2.queue.amazonaws.com/180477243137/dm_sat_cfdi_ongoing_priority_1.fifo
dm_sat_cfdi_ongoing_priority_2.fifo,https://us-west-2.queue.amazonaws.com/180477243137/dm_sat_cfdi_ongoing_priority_2.fifo
dm_sat_cfdi_ongoing_priority_3.fifo,https://us-west-2.queue.amazonaws.com/180477243137/dm_sat_cfdi_ongoing_priority_3.fifo
dm_sat_cfdi_ongoing_priority_4.fifo,https://us-west-2.queue.amazonaws.com/180477243137/dm_sat_cfdi_ongoing_priority_4.fifo
dm_sat_cfdi_ongoing_priority_5.fifo,https://us-west-2.queue.amazonaws.com/180477243137/dm_sat_cfdi_ongoing_priority_5.fifo
dm_sat_dev_ongoing_credentials_validator.fifo,https://us-west-2.queue.amazonaws.com/180477243137/dm_sat_dev_ongoing_credentials_validator.fifo
dm_sat_ongoing_credentials_validator.fifo,https://us-west-2.queue.amazonaws.com/180477243137/dm_sat_ongoing_credentials_validator.fifo
dm_sat_prod_ongoing_credentials_validator.fifo,https://us-west-2.queue.amazonaws.com/180477243137/dm_sat_prod_ongoing_credentials_validator.fifo
ds-topup-model-pfae-queue-dev,https://us-west-2.queue.amazonaws.com/180477243137/ds-topup-model-pfae-queue-dev
ds-topup-model-pfae-queue-prod,https://us-west-2.queue.amazonaws.com/180477243137/ds-topup-model-pfae-queue-prod
ds-topup-model-pm-queue-dev,https://us-west-2.queue.amazonaws.com/180477243137/ds-topup-model-pm-queue-dev
ds-topup-model-pm-queue-prod,https://us-west-2.queue.amazonaws.com/180477243137/ds-topup-model-pm-queue-prod
dyst-updater-queue-dev,https://us-west-2.queue.amazonaws.com/180477243137/dyst-updater-queue-dev
dyst-updater-queue-dlq_dev,https://us-west-2.queue.amazonaws.com/180477243137/dyst-updater-queue-dlq_dev
dyst-updater-queue-dlq_prod,https://us-west-2.queue.amazonaws.com/180477243137/dyst-updater-queue-dlq_prod
dyst-updater-queue-dlq_staging,https://us-west-2.queue.amazonaws.com/180477243137/dyst-updater-queue-dlq_staging
dyst-updater-queue-prod,https://us-west-2.queue.amazonaws.com/180477243137/dyst-updater-queue-prod
dyst-updater-queue-staging,https://us-west-2.queue.amazonaws.com/180477243137/dyst-updater-queue-staging
e_voicing,https://us-west-2.queue.amazonaws.com/180477243137/e_voicing
e_voicing_dev,https://us-west-2.queue.amazonaws.com/180477243137/e_voicing_dev
ecosystem-mgm-queue-dlq-prod,https://us-west-2.queue.amazonaws.com/180477243137/ecosystem-mgm-queue-dlq-prod
ecosystem-mgm-queue-prod,https://us-west-2.queue.amazonaws.com/180477243137/ecosystem-mgm-queue-prod
event-creator-dev.fifo,https://us-west-2.queue.amazonaws.com/180477243137/event-creator-dev.fifo
event-creator-dlq-dev.fifo,https://us-west-2.queue.amazonaws.com/180477243137/event-creator-dlq-dev.fifo
event-creator-dlq-prod.fifo,https://us-west-2.queue.amazonaws.com/180477243137/event-creator-dlq-prod.fifo
event-creator-prod.fifo,https://us-west-2.queue.amazonaws.com/180477243137/event-creator-prod.fifo
expire-card-applications-dlq_dev,https://us-west-2.queue.amazonaws.com/180477243137/expire-card-applications-dlq_dev
expire-card-applications-dlq_prod,https://us-west-2.queue.amazonaws.com/180477243137/expire-card-applications-dlq_prod
expire-offers-queue-dev,https://us-west-2.queue.amazonaws.com/180477243137/expire-offers-queue-dev
expire-offers-queue-prod,https://us-west-2.queue.amazonaws.com/180477243137/expire-offers-queue-prod
expire_card_applications_dev,https://us-west-2.queue.amazonaws.com/180477243137/expire_card_applications_dev
expire_card_applications_prod,https://us-west-2.queue.amazonaws.com/180477243137/expire_card_applications_prod
expire_contract_offers_dev,https://us-west-2.queue.amazonaws.com/180477243137/expire_contract_offers_dev
expire_contract_offers_prod,https://us-west-2.queue.amazonaws.com/180477243137/expire_contract_offers_prod
fa-basic-batch-separator-queue-dev,https://us-west-2.queue.amazonaws.com/180477243137/fa-basic-batch-separator-queue-dev
fa-basic-batch-separator-queue-prod,https://us-west-2.queue.amazonaws.com/180477243137/fa-basic-batch-separator-queue-prod
fa-basic-dead-letter-queue-dev,https://us-west-2.queue.amazonaws.com/180477243137/fa-basic-dead-letter-queue-dev
fa-basic-dead-letter-queue-prod,https://us-west-2.queue.amazonaws.com/180477243137/fa-basic-dead-letter-queue-prod
facturama,https://us-west-2.queue.amazonaws.com/180477243137/facturama
facturama_dev,https://us-west-2.queue.amazonaws.com/180477243137/facturama_dev
failed-autodebit-charge-dev,https://us-west-2.queue.amazonaws.com/180477243137/failed-autodebit-charge-dev
failed-autodebit-charge-prod,https://us-west-2.queue.amazonaws.com/180477243137/failed-autodebit-charge-prod
failed-autodebit-charge-uat,https://us-west-2.queue.amazonaws.com/180477243137/failed-autodebit-charge-uat
finance-doc-endorsement-queue-dev-dlq.fifo,https://us-west-2.queue.amazonaws.com/180477243137/finance-doc-endorsement-queue-dev-dlq.fifo
finance-doc-endorsement-queue-dev.fifo,https://us-west-2.queue.amazonaws.com/180477243137/finance-doc-endorsement-queue-dev.fifo
finance-doc-endorsement-queue-prod-dlq.fifo,https://us-west-2.queue.amazonaws.com/180477243137/finance-doc-endorsement-queue-prod-dlq.fifo
finance-doc-endorsement-queue-prod.fifo,https://us-west-2.queue.amazonaws.com/180477243137/finance-doc-endorsement-queue-prod.fifo
finance-document-builder-temporal-queue-dev.fifo,https://us-west-2.queue.amazonaws.com/180477243137/finance-document-builder-temporal-queue-dev.fifo
finance-document-builder-temporal-queue-dlq-dev.fifo,https://us-west-2.queue.amazonaws.com/180477243137/finance-document-builder-temporal-queue-dlq-dev.fifo
finance-document-builder-temporal-queue-dlq-prod.fifo,https://us-west-2.queue.amazonaws.com/180477243137/finance-document-builder-temporal-queue-dlq-prod.fifo
finance-document-builder-temporal-queue-prod.fifo,https://us-west-2.queue.amazonaws.com/180477243137/finance-document-builder-temporal-queue-prod.fifo
finance-facturacion-cancellation-dev-dlq.fifo,https://us-west-2.queue.amazonaws.com/180477243137/finance-facturacion-cancellation-dev-dlq.fifo
finance-facturacion-cancellation-dev-queue.fifo,https://us-west-2.queue.amazonaws.com/180477243137/finance-facturacion-cancellation-dev-queue.fifo
finance-facturacion-cancellation-prod-dlq.fifo,https://us-west-2.queue.amazonaws.com/180477243137/finance-facturacion-cancellation-prod-dlq.fifo
finance-facturacion-cancellation-prod-queue.fifo,https://us-west-2.queue.amazonaws.com/180477243137/finance-facturacion-cancellation-prod-queue.fifo
finance-facturacion-capital-credit-note-consumer--dev-dlq.fifo,https://us-west-2.queue.amazonaws.com/180477243137/finance-facturacion-capital-credit-note-consumer--dev-dlq.fifo
finance-facturacion-capital-credit-note-consumer--prod-dlq.fifo,https://us-west-2.queue.amazonaws.com/180477243137/finance-facturacion-capital-credit-note-consumer--prod-dlq.fifo
finance-facturacion-capital-credit-note-consumer-dev-queue.fifo,https://us-west-2.queue.amazonaws.com/180477243137/finance-facturacion-capital-credit-note-consumer-dev-queue.fifo
finance-facturacion-capital-credit-note-consumer-prod-queue.fifo,https://us-west-2.queue.amazonaws.com/180477243137/finance-facturacion-capital-credit-note-consumer-prod-queue.fifo
finance-facturacion-cards-consumer-dev-dlq.fifo,https://us-west-2.queue.amazonaws.com/180477243137/finance-facturacion-cards-consumer-dev-dlq.fifo
finance-facturacion-cards-consumer-dev-queue.fifo,https://us-west-2.queue.amazonaws.com/180477243137/finance-facturacion-cards-consumer-dev-queue.fifo
finance-facturacion-cards-consumer-prod-dlq.fifo,https://us-west-2.queue.amazonaws.com/180477243137/finance-facturacion-cards-consumer-prod-dlq.fifo
finance-facturacion-cards-consumer-prod-queue.fifo,https://us-west-2.queue.amazonaws.com/180477243137/finance-facturacion-cards-consumer-prod-queue.fifo
finance-facturacion-extra-payment-dev-dlq.fifo,https://us-west-2.queue.amazonaws.com/180477243137/finance-facturacion-extra-payment-dev-dlq.fifo
finance-facturacion-extra-payment-dev-queue.fifo,https://us-west-2.queue.amazonaws.com/180477243137/finance-facturacion-extra-payment-dev-queue.fifo
finance-facturacion-extra-payment-prod-dlq.fifo,https://us-west-2.queue.amazonaws.com/180477243137/finance-facturacion-extra-payment-prod-dlq.fifo
finance-facturacion-extra-payment-prod-queue.fifo,https://us-west-2.queue.amazonaws.com/180477243137/finance-facturacion-extra-payment-prod-queue.fifo
finance-facturacion-foreign-invoice-dev-dlq.fifo,https://us-west-2.queue.amazonaws.com/180477243137/finance-facturacion-foreign-invoice-dev-dlq.fifo
finance-facturacion-foreign-invoice-dev-queue.fifo,https://us-west-2.queue.amazonaws.com/180477243137/finance-facturacion-foreign-invoice-dev-queue.fifo
finance-facturacion-foreign-invoice-prod-dlq.fifo,https://us-west-2.queue.amazonaws.com/180477243137/finance-facturacion-foreign-invoice-prod-dlq.fifo
finance-facturacion-foreign-invoice-prod-queue.fifo,https://us-west-2.queue.amazonaws.com/180477243137/finance-facturacion-foreign-invoice-prod-queue.fifo
finance-facturacion-income-dev-dlq.fifo,https://us-west-2.queue.amazonaws.com/180477243137/finance-facturacion-income-dev-dlq.fifo
finance-facturacion-income-dev-queue.fifo,https://us-west-2.queue.amazonaws.com/180477243137/finance-facturacion-income-dev-queue.fifo
finance-facturacion-income-prod-dlq.fifo,https://us-west-2.queue.amazonaws.com/180477243137/finance-facturacion-income-prod-dlq.fifo
finance-facturacion-income-prod-queue.fifo,https://us-west-2.queue.amazonaws.com/180477243137/finance-facturacion-income-prod-queue.fifo
finance-facturacion-initial-payment-dev-dlq.fifo,https://us-west-2.queue.amazonaws.com/180477243137/finance-facturacion-initial-payment-dev-dlq.fifo
finance-facturacion-initial-payment-dev-queue.fifo,https://us-west-2.queue.amazonaws.com/180477243137/finance-facturacion-initial-payment-dev-queue.fifo
finance-facturacion-initial-payment-prod-dlq.fifo,https://us-west-2.queue.amazonaws.com/180477243137/finance-facturacion-initial-payment-prod-dlq.fifo
finance-facturacion-initial-payment-prod-queue.fifo,https://us-west-2.queue.amazonaws.com/180477243137/finance-facturacion-initial-payment-prod-queue.fifo
finance-facturacion-kpay-extra-payment-dev-dlq.fifo,https://us-west-2.queue.amazonaws.com/180477243137/finance-facturacion-kpay-extra-payment-dev-dlq.fifo
finance-facturacion-kpay-extra-payment-dev-queue.fifo,https://us-west-2.queue.amazonaws.com/180477243137/finance-facturacion-kpay-extra-payment-dev-queue.fifo
finance-facturacion-kpay-extra-payment-prod-dlq.fifo,https://us-west-2.queue.amazonaws.com/180477243137/finance-facturacion-kpay-extra-payment-prod-dlq.fifo
finance-facturacion-kpay-extra-payment-prod-queue.fifo,https://us-west-2.queue.amazonaws.com/180477243137/finance-facturacion-kpay-extra-payment-prod-queue.fifo
finance-facturacion-kpay-income-dev-dlq.fifo,https://us-west-2.queue.amazonaws.com/180477243137/finance-facturacion-kpay-income-dev-dlq.fifo
finance-facturacion-kpay-income-dev-queue.fifo,https://us-west-2.queue.amazonaws.com/180477243137/finance-facturacion-kpay-income-dev-queue.fifo
finance-facturacion-kpay-income-prod-dlq.fifo,https://us-west-2.queue.amazonaws.com/180477243137/finance-facturacion-kpay-income-prod-dlq.fifo
finance-facturacion-kpay-income-prod-queue.fifo,https://us-west-2.queue.amazonaws.com/180477243137/finance-facturacion-kpay-income-prod-queue.fifo
finance-facturacion-kpay-onsite-dev-dlq.fifo,https://us-west-2.queue.amazonaws.com/180477243137/finance-facturacion-kpay-onsite-dev-dlq.fifo
finance-facturacion-kpay-onsite-dev-queue.fifo,https://us-west-2.queue.amazonaws.com/180477243137/finance-facturacion-kpay-onsite-dev-queue.fifo
finance-facturacion-kpay-onsite-prod-dlq.fifo,https://us-west-2.queue.amazonaws.com/180477243137/finance-facturacion-kpay-onsite-prod-dlq.fifo
finance-facturacion-kpay-onsite-prod-queue.fifo,https://us-west-2.queue.amazonaws.com/180477243137/finance-facturacion-kpay-onsite-prod-queue.fifo
finance-facturacion-kpay-pre-payment-dev-dlq.fifo,https://us-west-2.queue.amazonaws.com/180477243137/finance-facturacion-kpay-pre-payment-dev-dlq.fifo
finance-facturacion-kpay-pre-payment-dev-queue.fifo,https://us-west-2.queue.amazonaws.com/180477243137/finance-facturacion-kpay-pre-payment-dev-queue.fifo
finance-facturacion-kpay-pre-payment-prod-dlq.fifo,https://us-west-2.queue.amazonaws.com/180477243137/finance-facturacion-kpay-pre-payment-prod-dlq.fifo
finance-facturacion-kpay-pre-payment-prod-queue.fifo,https://us-west-2.queue.amazonaws.com/180477243137/finance-facturacion-kpay-pre-payment-prod-queue.fifo
finance-facturacion-onsite-payments-dev-dlq.fifo,https://us-west-2.queue.amazonaws.com/180477243137/finance-facturacion-onsite-payments-dev-dlq.fifo
finance-facturacion-onsite-payments-dev-queue.fifo,https://us-west-2.queue.amazonaws.com/180477243137/finance-facturacion-onsite-payments-dev-queue.fifo
finance-facturacion-onsite-payments-prod-dlq.fifo,https://us-west-2.queue.amazonaws.com/180477243137/finance-facturacion-onsite-payments-prod-dlq.fifo
finance-facturacion-onsite-payments-prod-queue.fifo,https://us-west-2.queue.amazonaws.com/180477243137/finance-facturacion-onsite-payments-prod-queue.fifo
finance-facturacion-pre-payment-dev-dlq.fifo,https://us-west-2.queue.amazonaws.com/180477243137/finance-facturacion-pre-payment-dev-dlq.fifo
finance-facturacion-pre-payment-dev-queue.fifo,https://us-west-2.queue.amazonaws.com/180477243137/finance-facturacion-pre-payment-dev-queue.fifo
finance-facturacion-pre-payment-prod-dlq.fifo,https://us-west-2.queue.amazonaws.com/180477243137/finance-facturacion-pre-payment-prod-dlq.fifo
finance-facturacion-pre-payment-prod-queue.fifo,https://us-west-2.queue.amazonaws.com/180477243137/finance-facturacion-pre-payment-prod-queue.fifo
finance-facturacion-reimbursement-credit-note-dev-dlq.fifo,https://us-west-2.queue.amazonaws.com/180477243137/finance-facturacion-reimbursement-credit-note-dev-dlq.fifo
finance-facturacion-reimbursement-credit-note-dev-queue.fifo,https://us-west-2.queue.amazonaws.com/180477243137/finance-facturacion-reimbursement-credit-note-dev-queue.fifo
finance-facturacion-reimbursement-credit-note-prod-dlq.fifo,https://us-west-2.queue.amazonaws.com/180477243137/finance-facturacion-reimbursement-credit-note-prod-dlq.fifo
finance-facturacion-reimbursement-credit-note-prod-queue.fifo,https://us-west-2.queue.amazonaws.com/180477243137/finance-facturacion-reimbursement-credit-note-prod-queue.fifo
finance-kanto-celery-dev-queue.fifo,https://us-west-2.queue.amazonaws.com/180477243137/finance-kanto-celery-dev-queue.fifo
finance-kanto-celery-prod-queue.fifo,https://us-west-2.queue.amazonaws.com/180477243137/finance-kanto-celery-prod-queue.fifo
finance-loan-statements-dev-dlq.fifo,https://us-west-2.queue.amazonaws.com/180477243137/finance-loan-statements-dev-dlq.fifo
finance-loan-statements-dev.fifo,https://us-west-2.queue.amazonaws.com/180477243137/finance-loan-statements-dev.fifo
finance-loan-statements-prod-dlq.fifo,https://us-west-2.queue.amazonaws.com/180477243137/finance-loan-statements-prod-dlq.fifo
finance-loan-statements-prod.fifo,https://us-west-2.queue.amazonaws.com/180477243137/finance-loan-statements-prod.fifo
finance_account_statement_generator_dev,https://us-west-2.queue.amazonaws.com/180477243137/finance_account_statement_generator_dev
finance_account_statement_generator_dev.fifo,https://us-west-2.queue.amazonaws.com/180477243137/finance_account_statement_generator_dev.fifo
finance_account_statement_generator_prod.fifo,https://us-west-2.queue.amazonaws.com/180477243137/finance_account_statement_generator_prod.fifo
finance_bank_reconciliation_queue_dev.fifo,https://us-west-2.queue.amazonaws.com/180477243137/finance_bank_reconciliation_queue_dev.fifo
finance_bank_reconciliation_queue_prod.fifo,https://us-west-2.queue.amazonaws.com/180477243137/finance_bank_reconciliation_queue_prod.fifo
finance_bank_reconciliation_queue_uat.fifo,https://us-west-2.queue.amazonaws.com/180477243137/finance_bank_reconciliation_queue_uat.fifo
finance_document_generator_queue_dev.fifo,https://us-west-2.queue.amazonaws.com/180477243137/finance_document_generator_queue_dev.fifo
finance_document_generator_queue_dlq_dev.fifo,https://us-west-2.queue.amazonaws.com/180477243137/finance_document_generator_queue_dlq_dev.fifo
finance_document_generator_queue_dlq_prod.fifo,https://us-west-2.queue.amazonaws.com/180477243137/finance_document_generator_queue_dlq_prod.fifo
finance_document_generator_queue_prod.fifo,https://us-west-2.queue.amazonaws.com/180477243137/finance_document_generator_queue_prod.fifo
finance_invoice_downloader,https://us-west-2.queue.amazonaws.com/180477243137/finance_invoice_downloader
finance_invoice_downloader_dev,https://us-west-2.queue.amazonaws.com/180477243137/finance_invoice_downloader_dev
finops-core-dispatcher-dlq-dev,https://us-west-2.queue.amazonaws.com/180477243137/finops-core-dispatcher-dlq-dev
finops-core-dispatcher-dlq-prod,https://us-west-2.queue.amazonaws.com/180477243137/finops-core-dispatcher-dlq-prod
finops-core-dispatcher-queue-dev,https://us-west-2.queue.amazonaws.com/180477243137/finops-core-dispatcher-queue-dev
finops-core-dispatcher-queue-prod,https://us-west-2.queue.amazonaws.com/180477243137/finops-core-dispatcher-queue-prod
funds-out-create-account-clabe-queue-dev,https://us-west-2.queue.amazonaws.com/180477243137/funds-out-create-account-clabe-queue-dev
funds-out-create-account-clabe-queue-dlq-dev,https://us-west-2.queue.amazonaws.com/180477243137/funds-out-create-account-clabe-queue-dlq-dev
funds-out-create-account-clabe-queue-dlq-prod,https://us-west-2.queue.amazonaws.com/180477243137/funds-out-create-account-clabe-queue-dlq-prod
funds-out-create-account-clabe-queue-prod,https://us-west-2.queue.amazonaws.com/180477243137/funds-out-create-account-clabe-queue-prod
growth-invoices-report-queue-dev,https://us-west-2.queue.amazonaws.com/180477243137/growth-invoices-report-queue-dev
growth-invoices-report-queue-dlq-dev,https://us-west-2.queue.amazonaws.com/180477243137/growth-invoices-report-queue-dlq-dev
growth-invoices-report-queue-dlq-prod,https://us-west-2.queue.amazonaws.com/180477243137/growth-invoices-report-queue-dlq-prod
growth-invoices-report-queue-prod,https://us-west-2.queue.amazonaws.com/180477243137/growth-invoices-report-queue-prod
growth_forms_notifications_dev,https://us-west-2.queue.amazonaws.com/180477243137/growth_forms_notifications_dev
growth_forms_notifications_dev_dlq,https://us-west-2.queue.amazonaws.com/180477243137/growth_forms_notifications_dev_dlq
growth_forms_notifications_prod,https://us-west-2.queue.amazonaws.com/180477243137/growth_forms_notifications_prod
growth_forms_notifications_prod_dlq,https://us-west-2.queue.amazonaws.com/180477243137/growth_forms_notifications_prod_dlq
historical-payment-tracking,https://us-west-2.queue.amazonaws.com/180477243137/historical-payment-tracking
historical-payment-tracking-dead-letter.fifo,https://us-west-2.queue.amazonaws.com/180477243137/historical-payment-tracking-dead-letter.fifo
historical-payment-tracking_clients_profile_queue_dev.fifo,https://us-west-2.queue.amazonaws.com/180477243137/historical-payment-tracking_clients_profile_queue_dev.fifo
historical-payment-tracking_clients_profile_queue_prod.fifo,https://us-west-2.queue.amazonaws.com/180477243137/historical-payment-tracking_clients_profile_queue_prod.fifo
historical-payment-tracking_clients_profile_queue_uat.fifo,https://us-west-2.queue.amazonaws.com/180477243137/historical-payment-tracking_clients_profile_queue_uat.fifo
historical-payments-dlq-dev.fifo,https://us-west-2.queue.amazonaws.com/180477243137/historical-payments-dlq-dev.fifo
historical-payments-dlq-prod.fifo,https://us-west-2.queue.amazonaws.com/180477243137/historical-payments-dlq-prod.fifo
historical-payments-queue-dev.fifo,https://us-west-2.queue.amazonaws.com/180477243137/historical-payments-queue-dev.fifo
historical-payments-queue-prod.fifo,https://us-west-2.queue.amazonaws.com/180477243137/historical-payments-queue-prod.fifo
individual-payments-queue-dev.fifo,https://us-west-2.queue.amazonaws.com/180477243137/individual-payments-queue-dev.fifo
invoice-cluster-segmentation-pm-queue-dev,https://us-west-2.queue.amazonaws.com/180477243137/invoice-cluster-segmentation-pm-queue-dev
invoice-cluster-segmentation-pm-queue-prod,https://us-west-2.queue.amazonaws.com/180477243137/invoice-cluster-segmentation-pm-queue-prod
invoicing-cluster-segmentation-pfae-queue-dev,https://us-west-2.queue.amazonaws.com/180477243137/invoicing-cluster-segmentation-pfae-queue-dev
invoicing-cluster-segmentation-pfae-queue-prod,https://us-west-2.queue.amazonaws.com/180477243137/invoicing-cluster-segmentation-pfae-queue-prod
jarvis-invoicing,https://us-west-2.queue.amazonaws.com/180477243137/jarvis-invoicing
jarvis-invoicing-dev,https://us-west-2.queue.amazonaws.com/180477243137/jarvis-invoicing-dev
kbs-lambda-mvp-queue-dev,https://us-west-2.queue.amazonaws.com/180477243137/kbs-lambda-mvp-queue-dev
kbs-lambda-mvp-queue-prod,https://us-west-2.queue.amazonaws.com/180477243137/kbs-lambda-mvp-queue-prod
kompas-utilities-payments-send-emails-dev,https://us-west-2.queue.amazonaws.com/180477243137/kompas-utilities-payments-send-emails-dev
kompas-utilities-payments-send-emails-prod,https://us-west-2.queue.amazonaws.com/180477243137/kompas-utilities-payments-send-emails-prod
kompas-utilities-payments-users-dev,https://us-west-2.queue.amazonaws.com/180477243137/kompas-utilities-payments-users-dev
kompas-utilities-payments-users-prod,https://us-west-2.queue.amazonaws.com/180477243137/kompas-utilities-payments-users-prod
kompas-webhook-dev,https://us-west-2.queue.amazonaws.com/180477243137/kompas-webhook-dev
kompas_mixpanel_sqs_dev,https://us-west-2.queue.amazonaws.com/180477243137/kompas_mixpanel_sqs_dev
kompas_mixpanel_sqs_dlq_dev,https://us-west-2.queue.amazonaws.com/180477243137/kompas_mixpanel_sqs_dlq_dev
kompas_mixpanel_sqs_dlq_production,https://us-west-2.queue.amazonaws.com/180477243137/kompas_mixpanel_sqs_dlq_production
kompas_mixpanel_sqs_production,https://us-west-2.queue.amazonaws.com/180477243137/kompas_mixpanel_sqs_production
kompas_scoring_email_queue_dev,https://us-west-2.queue.amazonaws.com/180477243137/kompas_scoring_email_queue_dev
kompas_scoring_email_queue_dev_dlq,https://us-west-2.queue.amazonaws.com/180477243137/kompas_scoring_email_queue_dev_dlq
kompas_scoring_email_queue_production,https://us-west-2.queue.amazonaws.com/180477243137/kompas_scoring_email_queue_production
kompas_scoring_email_queue_production_dlq,https://us-west-2.queue.amazonaws.com/180477243137/kompas_scoring_email_queue_production_dlq
kompas_scoring_funnel_completed_queue_dev,https://us-west-2.queue.amazonaws.com/180477243137/kompas_scoring_funnel_completed_queue_dev
kompas_scoring_funnel_completed_queue_dev_dlq,https://us-west-2.queue.amazonaws.com/180477243137/kompas_scoring_funnel_completed_queue_dev_dlq
kompas_scoring_funnel_completed_queue_production,https://us-west-2.queue.amazonaws.com/180477243137/kompas_scoring_funnel_completed_queue_production
kompas_scoring_funnel_completed_queue_production_dlq,https://us-west-2.queue.amazonaws.com/180477243137/kompas_scoring_funnel_completed_queue_production_dlq
konfio-pay-credit-features-queue-dev,https://us-west-2.queue.amazonaws.com/180477243137/konfio-pay-credit-features-queue-dev
konfio-pay-credit-features-queue-prod,https://us-west-2.queue.amazonaws.com/180477243137/konfio-pay-credit-features-queue-prod
kp-disbursements-queue-dev,https://us-west-2.queue.amazonaws.com/180477243137/kp-disbursements-queue-dev
kp-disbursements-queue-prod,https://us-west-2.queue.amazonaws.com/180477243137/kp-disbursements-queue-prod
kp-pre-disbursements-queue-dev.fifo,https://us-west-2.queue.amazonaws.com/180477243137/kp-pre-disbursements-queue-dev.fifo
kp-pre-disbursements-queue-dlq-dev.fifo,https://us-west-2.queue.amazonaws.com/180477243137/kp-pre-disbursements-queue-dlq-dev.fifo
kp-pre-disbursements-queue-dlq-prod.fifo,https://us-west-2.queue.amazonaws.com/180477243137/kp-pre-disbursements-queue-dlq-prod.fifo
kp-pre-disbursements-queue-prod.fifo,https://us-west-2.queue.amazonaws.com/180477243137/kp-pre-disbursements-queue-prod.fifo
kpay-payment-plan-portfolio-queue-dev,https://us-west-2.queue.amazonaws.com/180477243137/kpay-payment-plan-portfolio-queue-dev
kpay-payment-plan-portfolio-queue-prod,https://us-west-2.queue.amazonaws.com/180477243137/kpay-payment-plan-portfolio-queue-prod
kpay-payments-queue-dev.fifo,https://us-west-2.queue.amazonaws.com/180477243137/kpay-payments-queue-dev.fifo
kpay-payments-queue-prod.fifo,https://us-west-2.queue.amazonaws.com/180477243137/kpay-payments-queue-prod.fifo
kpay-slack-kyc-stage-change-queue-dev.fifo,https://us-west-2.queue.amazonaws.com/180477243137/kpay-slack-kyc-stage-change-queue-dev.fifo
kpay-slack-kyc-stage-change-queue-dlq-dev.fifo,https://us-west-2.queue.amazonaws.com/180477243137/kpay-slack-kyc-stage-change-queue-dlq-dev.fifo
kpay-slack-kyc-stage-change-queue-dlq-prod.fifo,https://us-west-2.queue.amazonaws.com/180477243137/kpay-slack-kyc-stage-change-queue-dlq-prod.fifo
kpay-slack-kyc-stage-change-queue-prod.fifo,https://us-west-2.queue.amazonaws.com/180477243137/kpay-slack-kyc-stage-change-queue-prod.fifo
kyc-approver-queue-dev,https://us-west-2.queue.amazonaws.com/180477243137/kyc-approver-queue-dev
kyc-approver-queue-dlq-dev,https://us-west-2.queue.amazonaws.com/180477243137/kyc-approver-queue-dlq-dev
kyc-approver-queue-dlq-prod,https://us-west-2.queue.amazonaws.com/180477243137/kyc-approver-queue-dlq-prod
kyc-approver-queue-prod,https://us-west-2.queue.amazonaws.com/180477243137/kyc-approver-queue-prod
kyc-assignment-engine-queue-dev.fifo,https://us-west-2.queue.amazonaws.com/180477243137/kyc-assignment-engine-queue-dev.fifo
kyc-assignment-engine-queue-prod.fifo,https://us-west-2.queue.amazonaws.com/180477243137/kyc-assignment-engine-queue-prod.fifo
kyc-auto-change-stage-dev.fifo,https://us-west-2.queue.amazonaws.com/180477243137/kyc-auto-change-stage-dev.fifo
kyc-auto-change-stage-prod.fifo,https://us-west-2.queue.amazonaws.com/180477243137/kyc-auto-change-stage-prod.fifo
kyc-curp-approver-queue-dev.fifo,https://us-west-2.queue.amazonaws.com/180477243137/kyc-curp-approver-queue-dev.fifo
kyc-curp-approver-queue-dlq-dev,https://us-west-2.queue.amazonaws.com/180477243137/kyc-curp-approver-queue-dlq-dev
kyc-curp-approver-queue-dlq-prod,https://us-west-2.queue.amazonaws.com/180477243137/kyc-curp-approver-queue-dlq-prod
kyc-curp-approver-queue-prod.fifo,https://us-west-2.queue.amazonaws.com/180477243137/kyc-curp-approver-queue-prod.fifo
kyc-curp-scrapper-queue-dev.fifo,https://us-west-2.queue.amazonaws.com/180477243137/kyc-curp-scrapper-queue-dev.fifo
kyc-curp-scrapper-queue-dlq-dev,https://us-west-2.queue.amazonaws.com/180477243137/kyc-curp-scrapper-queue-dlq-dev
kyc-curp-scrapper-queue-dlq-prod,https://us-west-2.queue.amazonaws.com/180477243137/kyc-curp-scrapper-queue-dlq-prod
kyc-curp-scrapper-queue-prod.fifo,https://us-west-2.queue.amazonaws.com/180477243137/kyc-curp-scrapper-queue-prod.fifo
kyc-incode-data-queue-dev,https://us-west-2.queue.amazonaws.com/180477243137/kyc-incode-data-queue-dev
kyc-incode-data-queue-prod,https://us-west-2.queue.amazonaws.com/180477243137/kyc-incode-data-queue-prod
kyc-operations-slack-queue-dev.fifo,https://us-west-2.queue.amazonaws.com/180477243137/kyc-operations-slack-queue-dev.fifo
kyc-operations-slack-queue-prod.fifo,https://us-west-2.queue.amazonaws.com/180477243137/kyc-operations-slack-queue-prod.fifo
kyc-record-approvement-dev.fifo,https://us-west-2.queue.amazonaws.com/180477243137/kyc-record-approvement-dev.fifo
kyc-record-approvement-dlq-dev.fifo,https://us-west-2.queue.amazonaws.com/180477243137/kyc-record-approvement-dlq-dev.fifo
kyc-record-approvement-dlq-prod.fifo,https://us-west-2.queue.amazonaws.com/180477243137/kyc-record-approvement-dlq-prod.fifo
kyc-record-approvement-prod.fifo,https://us-west-2.queue.amazonaws.com/180477243137/kyc-record-approvement-prod.fifo
kyc-record-close-stage-change-queue-dev.fifo,https://us-west-2.queue.amazonaws.com/180477243137/kyc-record-close-stage-change-queue-dev.fifo
kyc-record-close-stage-change-queue-prod.fifo,https://us-west-2.queue.amazonaws.com/180477243137/kyc-record-close-stage-change-queue-prod.fifo
kyc-record-closed-dev,https://us-west-2.queue.amazonaws.com/180477243137/kyc-record-closed-dev
kyc-record-closed-dlq-dev,https://us-west-2.queue.amazonaws.com/180477243137/kyc-record-closed-dlq-dev
kyc-record-closed-dlq-prod,https://us-west-2.queue.amazonaws.com/180477243137/kyc-record-closed-dlq-prod
kyc-record-closed-prod,https://us-west-2.queue.amazonaws.com/180477243137/kyc-record-closed-prod
kyc-record-expiration-dev,https://us-west-2.queue.amazonaws.com/180477243137/kyc-record-expiration-dev
kyc-record-expiration-dlq-dev,https://us-west-2.queue.amazonaws.com/180477243137/kyc-record-expiration-dlq-dev
kyc-record-expiration-dlq-prod,https://us-west-2.queue.amazonaws.com/180477243137/kyc-record-expiration-dlq-prod
kyc-record-expiration-prod,https://us-west-2.queue.amazonaws.com/180477243137/kyc-record-expiration-prod
kyc-record-rejection-dev.fifo,https://us-west-2.queue.amazonaws.com/180477243137/kyc-record-rejection-dev.fifo
kyc-record-rejection-dlq-dev.fifo,https://us-west-2.queue.amazonaws.com/180477243137/kyc-record-rejection-dlq-dev.fifo
kyc-record-rejection-dlq-prod.fifo,https://us-west-2.queue.amazonaws.com/180477243137/kyc-record-rejection-dlq-prod.fifo
kyc-record-rejection-prod.fifo,https://us-west-2.queue.amazonaws.com/180477243137/kyc-record-rejection-prod.fifo
kyc-record-stage-change-queue-dev.fifo,https://us-west-2.queue.amazonaws.com/180477243137/kyc-record-stage-change-queue-dev.fifo
kyc-records-creator-dev,https://us-west-2.queue.amazonaws.com/180477243137/kyc-records-creator-dev
kyc-records-creator-dlq-dev,https://us-west-2.queue.amazonaws.com/180477243137/kyc-records-creator-dlq-dev
kyc-records-creator-dlq-prod,https://us-west-2.queue.amazonaws.com/180477243137/kyc-records-creator-dlq-prod
kyc-records-creator-prod,https://us-west-2.queue.amazonaws.com/180477243137/kyc-records-creator-prod
kyc-salesforce-stage-change-queue-dev.fifo,https://us-west-2.queue.amazonaws.com/180477243137/kyc-salesforce-stage-change-queue-dev.fifo
kyc-salesforce-stage-change-queue-prod.fifo,https://us-west-2.queue.amazonaws.com/180477243137/kyc-salesforce-stage-change-queue-prod.fifo
kyc-shareholder-checklist-creator-dev.fifo,https://us-west-2.queue.amazonaws.com/180477243137/kyc-shareholder-checklist-creator-dev.fifo
kyc-shareholder-checklist-creator-dlq-dev.fifo,https://us-west-2.queue.amazonaws.com/180477243137/kyc-shareholder-checklist-creator-dlq-dev.fifo
kyc-shareholder-checklist-creator-dlq-prod.fifo,https://us-west-2.queue.amazonaws.com/180477243137/kyc-shareholder-checklist-creator-dlq-prod.fifo
kyc-shareholder-checklist-creator-prod.fifo,https://us-west-2.queue.amazonaws.com/180477243137/kyc-shareholder-checklist-creator-prod.fifo
kyc_incode_data_queue_dlq_dev,https://us-west-2.queue.amazonaws.com/180477243137/kyc_incode_data_queue_dlq_dev
kyc_incode_data_queue_dlq_prod,https://us-west-2.queue.amazonaws.com/180477243137/kyc_incode_data_queue_dlq_prod
logistic-comms-queue-dev.fifo,https://us-west-2.queue.amazonaws.com/180477243137/logistic-comms-queue-dev.fifo
logistic-comms-queue-prod.fifo,https://us-west-2.queue.amazonaws.com/180477243137/logistic-comms-queue-prod.fifo
logistic-salesforce-queue-dev.fifo,https://us-west-2.queue.amazonaws.com/180477243137/logistic-salesforce-queue-dev.fifo
mci-program-sqs-dlq-prod.fifo,https://us-west-2.queue.amazonaws.com/180477243137/mci-program-sqs-dlq-prod.fifo
mci-program-sqs-prod.fifo,https://us-west-2.queue.amazonaws.com/180477243137/mci-program-sqs-prod.fifo
mci-tail-dev.fifo,https://us-west-2.queue.amazonaws.com/180477243137/mci-tail-dev.fifo
mci-tail-dlq-dev.fifo,https://us-west-2.queue.amazonaws.com/180477243137/mci-tail-dlq-dev.fifo
mci-tail-dlq-prod.fifo,https://us-west-2.queue.amazonaws.com/180477243137/mci-tail-dlq-prod.fifo
mci-tail-prod.fifo,https://us-west-2.queue.amazonaws.com/180477243137/mci-tail-prod.fifo
mgm-campaign-creator-dev,https://us-west-2.queue.amazonaws.com/180477243137/mgm-campaign-creator-dev
mgm-campaign-creator-dlq-dev,https://us-west-2.queue.amazonaws.com/180477243137/mgm-campaign-creator-dlq-dev
mgm-campaign-creator-dlq-prod,https://us-west-2.queue.amazonaws.com/180477243137/mgm-campaign-creator-dlq-prod
mgm-campaign-creator-prod,https://us-west-2.queue.amazonaws.com/180477243137/mgm-campaign-creator-prod
mgm-sqs-dev.fifo,https://us-west-2.queue.amazonaws.com/180477243137/mgm-sqs-dev.fifo
mgm-sqs-dlq-dev.fifo,https://us-west-2.queue.amazonaws.com/180477243137/mgm-sqs-dlq-dev.fifo
mgm-sqs-dlq-prod.fifo,https://us-west-2.queue.amazonaws.com/180477243137/mgm-sqs-dlq-prod.fifo
mgm-sqs-prod.fifo,https://us-west-2.queue.amazonaws.com/180477243137/mgm-sqs-prod.fifo
mienvio_logistic_shipments_dev,https://us-west-2.queue.amazonaws.com/180477243137/mienvio_logistic_shipments_dev
mienvio_logistic_shipments_prod,https://us-west-2.queue.amazonaws.com/180477243137/mienvio_logistic_shipments_prod
monitorea_get_data_lambda_dlq_dev,https://us-west-2.queue.amazonaws.com/180477243137/monitorea_get_data_lambda_dlq_dev
monitorea_get_data_lambda_dlq_production,https://us-west-2.queue.amazonaws.com/180477243137/monitorea_get_data_lambda_dlq_production
monopoly-index-queue-dev,https://us-west-2.queue.amazonaws.com/180477243137/monopoly-index-queue-dev
monopoly-index-queue-prod,https://us-west-2.queue.amazonaws.com/180477243137/monopoly-index-queue-prod
netsuite-journal-entries-queue-dev,https://us-west-2.queue.amazonaws.com/180477243137/netsuite-journal-entries-queue-dev
netsuite-journal-entries-queue-dlq-dev,https://us-west-2.queue.amazonaws.com/180477243137/netsuite-journal-entries-queue-dlq-dev
netsuite-journal-entries-queue-dlq-prod,https://us-west-2.queue.amazonaws.com/180477243137/netsuite-journal-entries-queue-dlq-prod
netsuite-journal-entries-queue-prod,https://us-west-2.queue.amazonaws.com/180477243137/netsuite-journal-entries-queue-prod
offer-notifications-queue-dev,https://us-west-2.queue.amazonaws.com/180477243137/offer-notifications-queue-dev
offer-notifications-queue-dlq-dev,https://us-west-2.queue.amazonaws.com/180477243137/offer-notifications-queue-dlq-dev
offer-notifications-queue-dlq-prod,https://us-west-2.queue.amazonaws.com/180477243137/offer-notifications-queue-dlq-prod
offer-notifications-queue-prod,https://us-west-2.queue.amazonaws.com/180477243137/offer-notifications-queue-prod
orchestrator-initiator-queue-dev,https://us-west-2.queue.amazonaws.com/180477243137/orchestrator-initiator-queue-dev
orchestrator-initiator-queue-dlq-dev,https://us-west-2.queue.amazonaws.com/180477243137/orchestrator-initiator-queue-dlq-dev
orchestrator-initiator-queue-dlq-prod,https://us-west-2.queue.amazonaws.com/180477243137/orchestrator-initiator-queue-dlq-prod
orchestrator-initiator-queue-prod,https://us-west-2.queue.amazonaws.com/180477243137/orchestrator-initiator-queue-prod
orchestrators-debug-queue-dev,https://us-west-2.queue.amazonaws.com/180477243137/orchestrators-debug-queue-dev
orchestrators-debug-queue-prod,https://us-west-2.queue.amazonaws.com/180477243137/orchestrators-debug-queue-prod
payment-notifications-queue-dev,https://us-west-2.queue.amazonaws.com/180477243137/payment-notifications-queue-dev
payment-notifications-queue-dlq_dev,https://us-west-2.queue.amazonaws.com/180477243137/payment-notifications-queue-dlq_dev
payment-notifications-queue-dlq_prod,https://us-west-2.queue.amazonaws.com/180477243137/payment-notifications-queue-dlq_prod
payment-notifications-queue-prod,https://us-west-2.queue.amazonaws.com/180477243137/payment-notifications-queue-prod
payments-notifier-lambda-queue-dev,https://us-west-2.queue.amazonaws.com/180477243137/payments-notifier-lambda-queue-dev
payments-notifier-lambda-queue-dlq-dev,https://us-west-2.queue.amazonaws.com/180477243137/payments-notifier-lambda-queue-dlq-dev
payments-notifier-lambda-queue-dlq-prod,https://us-west-2.queue.amazonaws.com/180477243137/payments-notifier-lambda-queue-dlq-prod
payments-notifier-lambda-queue-prod,https://us-west-2.queue.amazonaws.com/180477243137/payments-notifier-lambda-queue-prod
performance-tests,https://us-west-2.queue.amazonaws.com/180477243137/performance-tests
pre-process-payment-retry-queue-dev,https://us-west-2.queue.amazonaws.com/180477243137/pre-process-payment-retry-queue-dev
pre-process-payment-retry-queue-dlq-dev,https://us-west-2.queue.amazonaws.com/180477243137/pre-process-payment-retry-queue-dlq-dev
pre-process-payment-retry-queue-dlq-prod,https://us-west-2.queue.amazonaws.com/180477243137/pre-process-payment-retry-queue-dlq-prod
pre-process-payment-retry-queue-prod,https://us-west-2.queue.amazonaws.com/180477243137/pre-process-payment-retry-queue-prod
prod_kompas_invoice_email,https://us-west-2.queue.amazonaws.com/180477243137/prod_kompas_invoice_email
product-offering-pfae-productless-queue-prod,https://us-west-2.queue.amazonaws.com/180477243137/product-offering-pfae-productless-queue-prod
product-offering-pm-productless-queue-dev,https://us-west-2.queue.amazonaws.com/180477243137/product-offering-pm-productless-queue-dev
product-offering-pm-productless-queue-prod,https://us-west-2.queue.amazonaws.com/180477243137/product-offering-pm-productless-queue-prod
product-offering-pm-v2-queue-dev,https://us-west-2.queue.amazonaws.com/180477243137/product-offering-pm-v2-queue-dev
product-offering-pm-v2-queue-prod,https://us-west-2.queue.amazonaws.com/180477243137/product-offering-pm-v2-queue-prod
product-payments-applied-processor-dlq-prod.fifo,https://us-west-2.queue.amazonaws.com/180477243137/product-payments-applied-processor-dlq-prod.fifo
product-payments-applied-processor-prod.fifo,https://us-west-2.queue.amazonaws.com/180477243137/product-payments-applied-processor-prod.fifo
product-payments-received-dev.fifo,https://us-west-2.queue.amazonaws.com/180477243137/product-payments-received-dev.fifo
product-payments-received-dlq-dev.fifo,https://us-west-2.queue.amazonaws.com/180477243137/product-payments-received-dlq-dev.fifo
product-payments-received-dlq-prod.fifo,https://us-west-2.queue.amazonaws.com/180477243137/product-payments-received-dlq-prod.fifo
product-payments-received-prod.fifo,https://us-west-2.queue.amazonaws.com/180477243137/product-payments-received-prod.fifo
reconciliation-etl-runner-queue-dev,https://us-west-2.queue.amazonaws.com/180477243137/reconciliation-etl-runner-queue-dev
reconciliation-etl-runner-queue-dlq-dev,https://us-west-2.queue.amazonaws.com/180477243137/reconciliation-etl-runner-queue-dlq-dev
reconciliation-etl-runner-queue-dlq-prod,https://us-west-2.queue.amazonaws.com/180477243137/reconciliation-etl-runner-queue-dlq-prod
reconciliation-etl-runner-queue-prod,https://us-west-2.queue.amazonaws.com/180477243137/reconciliation-etl-runner-queue-prod
reconciliation-runner-queue-dev,https://us-west-2.queue.amazonaws.com/180477243137/reconciliation-runner-queue-dev
reconciliation-runner-queue-dlq-dev,https://us-west-2.queue.amazonaws.com/180477243137/reconciliation-runner-queue-dlq-dev
reconciliation-runner-queue-dlq-prod,https://us-west-2.queue.amazonaws.com/180477243137/reconciliation-runner-queue-dlq-prod
reconciliation-runner-queue-prod,https://us-west-2.queue.amazonaws.com/180477243137/reconciliation-runner-queue-prod
recurrent-offers-failed-queue-dev,https://us-west-2.queue.amazonaws.com/180477243137/recurrent-offers-failed-queue-dev
recurrent-offers-failed-queue-dlq-dev,https://us-west-2.queue.amazonaws.com/180477243137/recurrent-offers-failed-queue-dlq-dev
recurrent-offers-failed-queue-dlq-prod,https://us-west-2.queue.amazonaws.com/180477243137/recurrent-offers-failed-queue-dlq-prod
recurrent-offers-failed-queue-prod,https://us-west-2.queue.amazonaws.com/180477243137/recurrent-offers-failed-queue-prod
recurrent-offers-queue-dev,https://us-west-2.queue.amazonaws.com/180477243137/recurrent-offers-queue-dev
recurrent-offers-queue-dlq-dev,https://us-west-2.queue.amazonaws.com/180477243137/recurrent-offers-queue-dlq-dev
recurrent-offers-queue-dlq-prod,https://us-west-2.queue.amazonaws.com/180477243137/recurrent-offers-queue-dlq-prod
recurrent-offers-queue-prod,https://us-west-2.queue.amazonaws.com/180477243137/recurrent-offers-queue-prod
recurrent_validation,https://us-west-2.queue.amazonaws.com/180477243137/recurrent_validation
recurrent_validation_fail,https://us-west-2.queue.amazonaws.com/180477243137/recurrent_validation_fail
recurrent_validation_prod,https://us-west-2.queue.amazonaws.com/180477243137/recurrent_validation_prod
recurrent_validation_prod_fail,https://us-west-2.queue.amazonaws.com/180477243137/recurrent_validation_prod_fail
rem-offers-lambda-dev,https://us-west-2.queue.amazonaws.com/180477243137/rem-offers-lambda-dev
rem-offers-lambda-dlq-dev,https://us-west-2.queue.amazonaws.com/180477243137/rem-offers-lambda-dlq-dev
rem-offers-lambda-dlq-prod,https://us-west-2.queue.amazonaws.com/180477243137/rem-offers-lambda-dlq-prod
rem-offers-lambda-prod,https://us-west-2.queue.amazonaws.com/180477243137/rem-offers-lambda-prod
rem_whatsapp_notifier_prod,https://us-west-2.queue.amazonaws.com/180477243137/rem_whatsapp_notifier_prod
remarketing-executor-dev,https://us-west-2.queue.amazonaws.com/180477243137/remarketing-executor-dev
remarketing-executor-dev.fifo,https://us-west-2.queue.amazonaws.com/180477243137/remarketing-executor-dev.fifo
remarketing-executor-models-dev,https://us-west-2.queue.amazonaws.com/180477243137/remarketing-executor-models-dev
remarketing-executor-models-prod,https://us-west-2.queue.amazonaws.com/180477243137/remarketing-executor-models-prod
roles-permissions-updater-queue-dev,https://us-west-2.queue.amazonaws.com/180477243137/roles-permissions-updater-queue-dev
salesforce-cards-dev.fifo,https://us-west-2.queue.amazonaws.com/180477243137/salesforce-cards-dev.fifo
salesforce-cards-dlq-dev.fifo,https://us-west-2.queue.amazonaws.com/180477243137/salesforce-cards-dlq-dev.fifo
salesforce-cards-dlq-prod.fifo,https://us-west-2.queue.amazonaws.com/180477243137/salesforce-cards-dlq-prod.fifo
salesforce-cards-prod.fifo,https://us-west-2.queue.amazonaws.com/180477243137/salesforce-cards-prod.fifo
salesforce_cards_dlq_prod,https://us-west-2.queue.amazonaws.com/180477243137/salesforce_cards_dlq_prod
salesforce_cards_dlq_prod.fifo,https://us-west-2.queue.amazonaws.com/180477243137/salesforce_cards_dlq_prod.fifo
salesforce_cards_prod,https://us-west-2.queue.amazonaws.com/180477243137/salesforce_cards_prod
salesforce_cards_prod.fifo,https://us-west-2.queue.amazonaws.com/180477243137/salesforce_cards_prod.fifo
sat_ongoing_topup_fill_queue.fifo,https://us-west-2.queue.amazonaws.com/180477243137/sat_ongoing_topup_fill_queue.fifo
send-invoices-report-queue-dev,https://us-west-2.queue.amazonaws.com/180477243137/send-invoices-report-queue-dev
send-invoices-report-queue-prod,https://us-west-2.queue.amazonaws.com/180477243137/send-invoices-report-queue-prod
sf-working-capital-queue-dev,https://us-west-2.queue.amazonaws.com/180477243137/sf-working-capital-queue-dev
sf-working-capital-queue-dlq-dev,https://us-west-2.queue.amazonaws.com/180477243137/sf-working-capital-queue-dlq-dev
sf-working-capital-queue-dlq-prod,https://us-west-2.queue.amazonaws.com/180477243137/sf-working-capital-queue-dlq-prod
sf-working-capital-queue-prod,https://us-west-2.queue.amazonaws.com/180477243137/sf-working-capital-queue-prod
shard_extract_queue_dev,https://us-west-2.queue.amazonaws.com/180477243137/shard_extract_queue_dev
shard_extract_queue_dev_dlq,https://us-west-2.queue.amazonaws.com/180477243137/shard_extract_queue_dev_dlq
shard_extract_queue_production,https://us-west-2.queue.amazonaws.com/180477243137/shard_extract_queue_production
shard_extract_queue_production_dlq,https://us-west-2.queue.amazonaws.com/180477243137/shard_extract_queue_production_dlq
shard_load_queue_dev,https://us-west-2.queue.amazonaws.com/180477243137/shard_load_queue_dev
shard_load_queue_dev_dlq,https://us-west-2.queue.amazonaws.com/180477243137/shard_load_queue_dev_dlq
shard_load_queue_production,https://us-west-2.queue.amazonaws.com/180477243137/shard_load_queue_production
shard_load_queue_production_dlq,https://us-west-2.queue.amazonaws.com/180477243137/shard_load_queue_production_dlq
slack-bot-response-dlq-prod,https://us-west-2.queue.amazonaws.com/180477243137/slack-bot-response-dlq-prod
slack-bot-response-queue-prod,https://us-west-2.queue.amazonaws.com/180477243137/slack-bot-response-queue-prod
slack-notifications-channel-webhook-queue-dev,https://us-west-2.queue.amazonaws.com/180477243137/slack-notifications-channel-webhook-queue-dev
slack-notifications-channel-webhook-queue-dlq-dev,https://us-west-2.queue.amazonaws.com/180477243137/slack-notifications-channel-webhook-queue-dlq-dev
slack-notifications-channel-webhook-queue-dlq-prod,https://us-west-2.queue.amazonaws.com/180477243137/slack-notifications-channel-webhook-queue-dlq-prod
slack-notifications-channel-webhook-queue-prod,https://us-west-2.queue.amazonaws.com/180477243137/slack-notifications-channel-webhook-queue-prod
slack-notifications-queue-dev,https://us-west-2.queue.amazonaws.com/180477243137/slack-notifications-queue-dev
slack-notifications-queue-dlq-dev,https://us-west-2.queue.amazonaws.com/180477243137/slack-notifications-queue-dlq-dev
slack-notifications-queue-dlq-prod,https://us-west-2.queue.amazonaws.com/180477243137/slack-notifications-queue-dlq-prod
slack-notifications-queue-prod,https://us-west-2.queue.amazonaws.com/180477243137/slack-notifications-queue-prod
spei-sqs-dev.fifo,https://us-west-2.queue.amazonaws.com/180477243137/spei-sqs-dev.fifo
spei-sqs-dlq-dev.fifo,https://us-west-2.queue.amazonaws.com/180477243137/spei-sqs-dlq-dev.fifo
spei-sqs-dlq-prod.fifo,https://us-west-2.queue.amazonaws.com/180477243137/spei-sqs-dlq-prod.fifo
spei-sqs-prod.fifo,https://us-west-2.queue.amazonaws.com/180477243137/spei-sqs-prod.fifo
srpago-queue-dev,https://us-west-2.queue.amazonaws.com/180477243137/srpago-queue-dev
srpago-queue-dlq-dev,https://us-west-2.queue.amazonaws.com/180477243137/srpago-queue-dlq-dev
srpago-queue-dlq-prod,https://us-west-2.queue.amazonaws.com/180477243137/srpago-queue-dlq-prod
srpago-queue-prod,https://us-west-2.queue.amazonaws.com/180477243137/srpago-queue-prod
stp-confirm-processor-dlq-dev.fifo,https://us-west-2.queue.amazonaws.com/180477243137/stp-confirm-processor-dlq-dev.fifo
stp-confirm-processor-dlq-prod.fifo,https://us-west-2.queue.amazonaws.com/180477243137/stp-confirm-processor-dlq-prod.fifo
stp-confirm-processor-queue-dev.fifo,https://us-west-2.queue.amazonaws.com/180477243137/stp-confirm-processor-queue-dev.fifo
stp-confirm-processor-queue-prod.fifo,https://us-west-2.queue.amazonaws.com/180477243137/stp-confirm-processor-queue-prod.fifo
stp-disbursement-processor-queue-dev.fifo,https://us-west-2.queue.amazonaws.com/180477243137/stp-disbursement-processor-queue-dev.fifo
stp-disbursement-processor-queue-prod.fifo,https://us-west-2.queue.amazonaws.com/180477243137/stp-disbursement-processor-queue-prod.fifo
stp-disbursement-validator-queue-dev.fifo,https://us-west-2.queue.amazonaws.com/180477243137/stp-disbursement-validator-queue-dev.fifo
stp-disbursement-validator-queue-prod.fifo,https://us-west-2.queue.amazonaws.com/180477243137/stp-disbursement-validator-queue-prod.fifo
stp_cep,https://us-west-2.queue.amazonaws.com/180477243137/stp_cep
stp_cep_dev,https://us-west-2.queue.amazonaws.com/180477243137/stp_cep_dev
stripe_webhook_sqs_dev,https://us-west-2.queue.amazonaws.com/180477243137/stripe_webhook_sqs_dev
stripe_webhook_sqs_dlq_dev,https://us-west-2.queue.amazonaws.com/180477243137/stripe_webhook_sqs_dlq_dev
stripe_webhook_sqs_dlq_production,https://us-west-2.queue.amazonaws.com/180477243137/stripe_webhook_sqs_dlq_production
stripe_webhook_sqs_production,https://us-west-2.queue.amazonaws.com/180477243137/stripe_webhook_sqs_production
sync-wc-state-machine-queue-dev.fifo,https://us-west-2.queue.amazonaws.com/180477243137/sync-wc-state-machine-queue-dev.fifo
sync-wc-state-machine-queue-prod.fifo,https://us-west-2.queue.amazonaws.com/180477243137/sync-wc-state-machine-queue-prod.fifo
tasks-manager-queue-dev,https://us-west-2.queue.amazonaws.com/180477243137/tasks-manager-queue-dev
tasks-manager-queue-prod,https://us-west-2.queue.amazonaws.com/180477243137/tasks-manager-queue-prod
test_scraper_aws_connect,https://us-west-2.queue.amazonaws.com/180477243137/test_scraper_aws_connect
test_sqs,https://us-west-2.queue.amazonaws.com/180477243137/test_sqs
test_sqs_deadletter,https://us-west-2.queue.amazonaws.com/180477243137/test_sqs_deadletter
tests,https://us-west-2.queue.amazonaws.com/180477243137/tests
topups-v2-failed-prospects-dev.fifo,https://us-west-2.queue.amazonaws.com/180477243137/topups-v2-failed-prospects-dev.fifo
topups-v2-failed-prospects-prod.fifo,https://us-west-2.queue.amazonaws.com/180477243137/topups-v2-failed-prospects-prod.fifo
topupsv2-batch-creator-queue-dev,https://us-west-2.queue.amazonaws.com/180477243137/topupsv2-batch-creator-queue-dev
topupsv2-batch-creator-queue-prod,https://us-west-2.queue.amazonaws.com/180477243137/topupsv2-batch-creator-queue-prod
wait-list-queue-prod,https://us-west-2.queue.amazonaws.com/180477243137/wait-list-queue-prod
wc-payments-to-apply-dev.fifo,https://us-west-2.queue.amazonaws.com/180477243137/wc-payments-to-apply-dev.fifo
wc-payments-to-apply-dlq-dev.fifo,https://us-west-2.queue.amazonaws.com/180477243137/wc-payments-to-apply-dlq-dev.fifo
wc-payments-to-apply-dlq-prod.fifo,https://us-west-2.queue.amazonaws.com/180477243137/wc-payments-to-apply-dlq-prod.fifo
wc-payments-to-apply-prod.fifo,https://us-west-2.queue.amazonaws.com/180477243137/wc-payments-to-apply-prod.fifo
wc-post-disbursements-queue-dev,https://us-west-2.queue.amazonaws.com/180477243137/wc-post-disbursements-queue-dev
wc-post-disbursements-queue-dlq-dev,https://us-west-2.queue.amazonaws.com/180477243137/wc-post-disbursements-queue-dlq-dev
wc-post-disbursements-queue-dlq-prod,https://us-west-2.queue.amazonaws.com/180477243137/wc-post-disbursements-queue-dlq-prod
wc-post-disbursements-queue-prod,https://us-west-2.queue.amazonaws.com/180477243137/wc-post-disbursements-queue-prod
wc-pre-disbursements-queue-dev.fifo,https://us-west-2.queue.amazonaws.com/180477243137/wc-pre-disbursements-queue-dev.fifo
wc-pre-disbursements-queue-dlq-dev.fifo,https://us-west-2.queue.amazonaws.com/180477243137/wc-pre-disbursements-queue-dlq-dev.fifo
wc-pre-disbursements-queue-dlq-prod.fifo,https://us-west-2.queue.amazonaws.com/180477243137/wc-pre-disbursements-queue-dlq-prod.fifo
wc-pre-disbursements-queue-prod.fifo,https://us-west-2.queue.amazonaws.com/180477243137/wc-pre-disbursements-queue-prod.fifo
webpagetest,https://us-west-2.queue.amazonaws.com/180477243137/webpagetest
webpagetest_prod,https://us-west-2.queue.amazonaws.com/180477243137/webpagetest_prod
wr-topups-v2-prospects-queue-dev.fifo,https://us-west-2.queue.amazonaws.com/180477243137/wr-topups-v2-prospects-queue-dev.fifo
wr-topups-v2-prospects-queue-prod.fifo,https://us-west-2.queue.amazonaws.com/180477243137/wr-topups-v2-prospects-queue-prod.fifo
wr-topups-v2-stage-1-queue-dev.fifo,https://us-west-2.queue.amazonaws.com/180477243137/wr-topups-v2-stage-1-queue-dev.fifo
wr-topups-v2-stage-1-queue-prod.fifo,https://us-west-2.queue.amazonaws.com/180477243137/wr-topups-v2-stage-1-queue-prod.fifo
wr-topups-v2-stage-2-queue-dev.fifo,https://us-west-2.queue.amazonaws.com/180477243137/wr-topups-v2-stage-2-queue-dev.fifo
wr-topups-v2-stage-2-queue-prod.fifo,https://us-west-2.queue.amazonaws.com/180477243137/wr-topups-v2-stage-2-queue-prod.fifo
wr-topups-v2-stage-3-queue-dev.fifo,https://us-west-2.queue.amazonaws.com/180477243137/wr-topups-v2-stage-3-queue-dev.fifo
wr-topups-v2-stage-3-queue-prod.fifo,https://us-west-2.queue.amazonaws.com/180477243137/wr-topups-v2-stage-3-queue-prod.fifo
wr-topups-v2-stage-4-queue-dev.fifo,https://us-west-2.queue.amazonaws.com/180477243137/wr-topups-v2-stage-4-queue-dev.fifo
wr-topups-v2-stage-4-queue-prod.fifo,https://us-west-2.queue.amazonaws.com/180477243137/wr-topups-v2-stage-4-queue-prod.fifo
wr_failed_processes_dev,https://us-west-2.queue.amazonaws.com/180477243137/wr_failed_processes_dev
wr_failed_processes_prod,https://us-west-2.queue.amazonaws.com/180477243137/wr_failed_processes_prod
wr_retry_processes_dev,https://us-west-2.queue.amazonaws.com/180477243137/wr_retry_processes_dev
wr_retry_processes_prod,https://us-west-2.queue.amazonaws.com/180477243137/wr_retry_processes_prod
xsell-offers-queue-dev-dlq.fifo,https://us-west-2.queue.amazonaws.com/180477243137/xsell-offers-queue-dev-dlq.fifo
xsell-offers-queue-dev.fifo,https://us-west-2.queue.amazonaws.com/180477243137/xsell-offers-queue-dev.fifo
xsell-offers-queue-prod-dlq.fifo,https://us-west-2.queue.amazonaws.com/180477243137/xsell-offers-queue-prod-dlq.fifo
xsell-offers-queue-prod.fifo,https://us-west-2.queue.amazonaws.com/180477243137/xsell-offers-queue-prod.fifo
